Slot,File,AspectRatio,Classification,Dimensions,Bytes,AssociatedID,Role
Hero Desktop Landscape,/media/product-scene-001-16x9.webp,16:9,AI_SCENE,1920x1080,284552,HERO-01,Primary Homepage Hero Scene
Hero Mobile Portrait,/media/product-hero-001-4x5.webp,4:5,AI_CONCEPT,2048x2560,170072,HERO-01,Primary Homepage Mobile Hero
Doorway 01 Collectible,/media/product-hero-001-4x5.webp,4:5,AI_CONCEPT,2048x2560,170072,COL-01,Furniture & Spatial Art Card
Doorway 02 Memory,/media/product-hero-020-4x5.webp,4:5,AI_CONCEPT,2048x2560,197232,COL-02,Botanical & Memory Art Card
Doorway 03 Gifts,/media/product-hero-029-4x5.webp,4:5,AI_CONCEPT,2048x2560,225128,COL-03,Personal Art & Gifts Card
Material Editorial Macro,/media/product-hero-026-4x5.webp,4:5,AI_CONCEPT,2048x2560,245526,MAT-01,Material Craft Feature
Process Scene 01,/media/product-scene-003-16x9.webp,16:9,AI_SCENE,1920x1080,231328,PROC-01,Atelier Workshop Landscape
Process Scene 02,/media/product-scene-005-16x9.webp,16:9,AI_SCENE,1920x1080,205688,PROC-02,Casting & Curing Landscape
Original Concept Basin,/media/concepts/basin.avif,4:5,ORIGINAL_AVIF,560x700,7007,ORIG-01,Original Basin Concept
Original Concept Riverline,/media/concepts/riverline.avif,4:5,ORIGINAL_AVIF,560x700,7732,ORIG-02,Original Riverline Concept
Catalogue Primary,/media/generated/dp113-chaptermark-flower-bookmark-portrait-4x5.webp,4:5,AI_CONCEPT,2048x2560,149738,DP120,Product Primary Visual
Catalogue Primary,/media/generated/dp119-promise-mini-ring-dish-portrait-4x5.webp,4:5,AI_CONCEPT,2048x2560,167170,DP119,Product Primary Visual
Catalogue Primary,/media/generated/dp118-pocketworld-paperweight-portrait-4x5.webp,4:5,AI_CONCEPT,2048x2560,842738,DP118,Product Primary Visual
Catalogue Primary,/media/generated/dp116-still-form-catch-all-bowl-portrait-4x5.webp,4:5,AI_CONCEPT,2048x2560,129990,DP116,Product Primary Visual
Catalogue Primary,/media/generated/dp115-palm-mini-serving-tray-portrait-4x5.webp,4:5,AI_CONCEPT,2048x2560,170986,DP117,Product Primary Visual
Catalogue Primary,/media/generated/dp117-twinleaf-mini-bookends-portrait-4x5.webp,4:5,AI_CONCEPT,2048x2560,192734,DP115,Product Primary Visual
Catalogue Primary,/media/generated/dp110-petal-drop-earrings-portrait-4x5.webp,4:5,AI_CONCEPT,2048x2560,217150,DP112,Product Primary Visual
Catalogue Primary,/media/generated/dp112-initial-story-keychain-portrait-4x5.webp,4:5,AI_CONCEPT,2048x2560,249386,DP113,Product Primary Visual
Catalogue Primary,/media/generated/dp120-little-archive-keepsake-box-portrait-4x5.webp,4:5,AI_CONCEPT,2048x2560,194952,DP110,Product Primary Visual
Catalogue Primary,/media/generated/dp111-thread-of-light-resin-rakhi-portrait-4x5.webp,4:5,AI_CONCEPT,2048x2560,193308,DP111,Product Primary Visual
Catalogue Primary,/media/generated/dp106-festival-memory-plaque-portrait-4x5.webp,4:5,AI_CONCEPT,2048x2560,158910,DP108,Product Primary Visual
Catalogue Primary,/media/generated/dp109-botanical-resin-pendant-portrait-4x5.webp,4:5,AI_CONCEPT,2048x2560,133334,DP109,Product Primary Visual
Catalogue Primary,/media/generated/dp105-blessing-pooja-display-portrait-4x5.webp,4:5,AI_CONCEPT,2048x2560,148098,DP106,Product Primary Visual
Catalogue Primary,/media/generated/dp108-little-bloom-memory-frame-portrait-4x5.webp,4:5,AI_CONCEPT,2048x2560,98252,DP105,Product Primary Visual
Catalogue Primary,/media/generated/dp104-welcome-botanical-nameplate-portrait-4x5.webp,4:5,AI_CONCEPT,2048x2560,170492,DP104,Product Primary Visual
Catalogue Primary,/media/generated/dp101-together-couple-memory-frame-portrait-4x5.webp,4:5,AI_CONCEPT,2048x2560,89366,DP102,Product Primary Visual
Catalogue Primary,/media/generated/dp102-anniversary-story-display-portrait-4x5.webp,4:5,AI_CONCEPT,2048x2560,155196,DP101,Product Primary Visual
Catalogue Primary,/media/generated/dp100-our-chapter-wedding-card-block-portrait-4x5.webp,4:5,AI_CONCEPT,2048x2560,158534,DP100,Product Primary Visual
Catalogue Primary,/media/generated/dp098-bloom-paired-ring-dishes-portrait-4x5.webp,4:5,AI_CONCEPT,2048x2560,139406,DP098,Product Primary Visual
Catalogue Primary,/media/generated/dp097-gather-celebration-tray-portrait-4x5.webp,4:5,AI_CONCEPT,2048x2560,134190,DP097,Product Primary Visual
Catalogue Primary,/media/generated/dp094-moment-preserved-flower-clock-portrait-4x5.webp,4:5,AI_CONCEPT,2048x2560,149622,DP096,Product Primary Visual
Catalogue Primary,/media/generated/dp096-promise-ring-platter-portrait-4x5.webp,4:5,AI_CONCEPT,2048x2560,169462,DP094,Product Primary Visual
Catalogue Primary,/media/generated/dp092-petal-hour-round-clock-portrait-4x5.webp,4:5,AI_CONCEPT,2048x2560,86216,DP093,Product Primary Visual
Catalogue Primary,/media/generated/dp090-memory-garden-flower-shadowbox-portrait-4x5.webp,4:5,AI_CONCEPT,2048x2560,163548,DP092,Product Primary Visual
Catalogue Primary,/media/generated/dp089-aster-single-bloom-keepsake-portrait-4x5.webp,4:5,AI_CONCEPT,2048x2560,127982,DP090,Product Primary Visual
Catalogue Primary,/media/generated/dp087-petal-story-bouquet-frame-portrait-4x5.webp,4:5,AI_CONCEPT,2048x2560,144528,DP089,Product Primary Visual
Catalogue Primary,/media/generated/dp088-meadow-wedding-flower-disc-portrait-4x5.webp,4:5,AI_CONCEPT,2048x2560,196566,DP088,Product Primary Visual
Catalogue Primary,/media/generated/dp093-evergreen-botanical-desk-clock-portrait-4x5.webp,4:5,AI_CONCEPT,2048x2560,227730,DP087,Product Primary Visual
Catalogue Primary,/media/generated/dp041-sienna-curved-console-portrait-4x5.webp,4:5,AI_CONCEPT,2048x2560,204652,DP058,Product Primary Visual
Catalogue Primary,/media/generated/dp058-vertical-drop-wall-panel-portrait-4x5.webp,4:5,AI_CONCEPT,2048x2560,226000,DP041,Product Primary Visual
Catalogue Primary,/media/generated/dp074-material-column-sculpture-portrait-4x5.webp,4:5,AI_CONCEPT,2048x2560,206874,DP074,Product Primary Visual
Catalogue Primary,/media/generated/dp099-letterlight-invitation-frame-portrait-4x5.webp,4:5,AI_CONCEPT,2048x2560,143056,DP099,Product Primary Visual
Catalogue Primary,/media/generated/dp071-cast-architectural-study-portrait-4x5.webp,4:5,AI_CONCEPT,2048x2560,167548,DP071,Product Primary Visual
Catalogue Primary,/media/generated/dp107-first-chapter-baby-keepsake-portrait-4x5.webp,4:5,AI_CONCEPT,1122x1402,61364,DP107,Product Primary Visual
Catalogue Primary,/media/generated/dp103-threshold-family-nameplate-portrait-4x5.webp,4:5,AI_CONCEPT,1122x1402,67222,DP103,Product Primary Visual
Catalogue Primary,/media/generated/dp095-union-engagement-tray-portrait-4x5.webp,4:5,AI_CONCEPT,1122x1402,81288,DP095,Product Primary Visual
Catalogue Primary,/media/generated/dp091-hourglass-floral-wall-clock-portrait-4x5.webp,4:5,AI_CONCEPT,1122x1402,92478,DP091,Product Primary Visual
Catalogue Primary,/media/generated/dp083-bronzeleaf-display-plinth-set-portrait-4x5.webp,4:5,AI_CONCEPT,1122x1402,154868,DP084,Product Primary Visual
Catalogue Primary,/media/generated/dp086-forever-solid-block-varmala-keepsake-portrait-4x5.webp,4:5,AI_CONCEPT,1122x1402,107890,DP086,Product Primary Visual
Catalogue Primary,/media/generated/dp084-tidal-architectural-panel-installation-portrait-4x5.webp,4:5,AI_CONCEPT,1122x1402,150234,DP083,Product Primary Visual
Catalogue Primary,/media/generated/dp082-stillwater-lobby-art-installation-portrait-4x5.webp,4:5,AI_CONCEPT,1122x1402,108680,DP082,Product Primary Visual
Catalogue Primary,/media/generated/dp081-contour-hospitality-table-installation-portrait-4x5.webp,4:5,AI_CONCEPT,1122x1402,201104,DP081,Product Primary Visual
Catalogue Primary,/media/generated/dp080-grove-resin-and-wood-screen-portrait-4x5.webp,4:5,AI_CONCEPT,1122x1402,123422,DP080,Product Primary Visual
Catalogue Primary,/media/generated/dp079-monsoon-feature-wall-concept-portrait-4x5.webp,4:5,AI_CONCEPT,1122x1402,150674,DP079,Product Primary Visual
Catalogue Primary,/media/generated/dp078-canopy-room-divider-concept-portrait-4x5.webp,4:5,AI_CONCEPT,1122x1402,115714,DP078,Product Primary Visual
Catalogue Primary,/media/generated/dp076-arc-freestanding-resin-sculpture-portrait-4x5.webp,4:5,AI_CONCEPT,1122x1402,106914,DP076,Product Primary Visual
Catalogue Primary,/media/generated/dp075-form-study-iii-sculpture-portrait-4x5.webp,4:5,AI_CONCEPT,1122x1402,106576,DP075,Product Primary Visual
Catalogue Primary,/media/generated/dp073-form-study-ii-sculpture-portrait-4x5.webp,4:5,AI_CONCEPT,1122x1402,92812,DP073,Product Primary Visual
Catalogue Primary,/media/generated/dp072-form-study-i-sculpture-portrait-4x5.webp,4:5,AI_CONCEPT,1122x1402,112060,DP072,Product Primary Visual
Catalogue Primary,/media/generated/dp070-parametric-floor-vessel-portrait-4x5.webp,4:5,AI_CONCEPT,2048x2560,255862,DP070,Product Primary Visual
Catalogue Primary,/media/generated/dp039-meadow-floating-effect-console-portrait-4x5.webp,4:5,AI_CONCEPT,2048x2560,244104,DP039,Product Primary Visual
Catalogue Primary,/media/generated/dp068-rivergrid-architectural-wall-set-portrait-4x5.webp,4:5,AI_CONCEPT,2048x2560,219328,DP068,Product Primary Visual
Catalogue Primary,/media/generated/dp067-stonewave-oversized-wall-art-portrait-4x5.webp,4:5,AI_CONCEPT,2048x2560,326466,DP067,Product Primary Visual
Catalogue Primary,/media/generated/dp066-amber-veil-wall-panel-portrait-4x5.webp,4:5,AI_CONCEPT,2048x2560,189916,DP066,Product Primary Visual
Catalogue Primary,/media/generated/dp065-contour-flow-wall-relief-portrait-4x5.webp,4:5,AI_CONCEPT,2048x2560,215960,DP065,Product Primary Visual
Catalogue Primary,/media/generated/dp063-mist-textured-wall-diptych-portrait-4x5.webp,4:5,AI_CONCEPT,2048x2560,240494,DP063,Product Primary Visual
Catalogue Primary,/media/generated/dp064-verdure-large-wall-disc-portrait-4x5.webp,4:5,AI_CONCEPT,2048x2560,256682,DP064,Product Primary Visual
Catalogue Primary,/media/generated/dp060-strata-layered-wall-relief-portrait-4x5.webp,4:5,AI_CONCEPT,2048x2560,216342,DP060,Product Primary Visual
Catalogue Primary,/media/generated/dp054-haven-compact-desk-portrait-4x5.webp,4:5,AI_CONCEPT,2048x2560,324506,DP054,Product Primary Visual
Catalogue Primary,/media/generated/dp062-tide-botanical-wall-panel-portrait-4x5.webp,4:5,AI_CONCEPT,2048x2560,280730,DP062,Product Primary Visual
Catalogue Primary,/media/generated/dp061-solstice-circular-wall-piece-portrait-4x5.webp,4:5,AI_CONCEPT,2048x2560,291154,DP061,Product Primary Visual
Catalogue Primary,/media/generated/dp059-sequence-wall-triptych-portrait-4x5.webp,4:5,AI_CONCEPT,2048x2560,257622,DP059,Product Primary Visual
Catalogue Primary,/media/generated/dp055-linework-executive-desk-portrait-4x5.webp,4:5,AI_CONCEPT,2048x2560,232674,DP055,Product Primary Visual
Catalogue Primary,/media/generated/dp056-terrace-studio-desk-portrait-4x5.webp,4:5,AI_CONCEPT,2048x2560,304008,DP056,Product Primary Visual
Catalogue Primary,/media/generated/dp050-fold-sculptural-bench-portrait-4x5.webp,4:5,AI_CONCEPT,2048x2560,226718,DP050,Product Primary Visual
Catalogue Primary,/media/generated/dp053-stillpoint-study-desk-portrait-4x5.webp,4:5,AI_CONCEPT,2048x2560,235988,DP053,Product Primary Visual
Catalogue Primary,/media/generated/dp052-meridian-writing-desk-portrait-4x5.webp,4:5,AI_CONCEPT,2048x2560,286606,DP052,Product Primary Visual
Catalogue Primary,/media/generated/dp046-rill-counter-stool-portrait-4x5.webp,4:5,AI_CONCEPT,2048x2560,206282,DP046,Product Primary Visual
Catalogue Primary,/media/generated/dp045-aster-dining-chair-portrait-4x5.webp,4:5,AI_CONCEPT,2048x2560,299382,DP045,Product Primary Visual
Catalogue Primary,/media/generated/dp047-flint-accent-stool-portrait-4x5.webp,4:5,AI_CONCEPT,2048x2560,225728,DP047,Product Primary Visual
Catalogue Primary,/media/generated/dp049-forest-long-bench-portrait-4x5.webp,4:5,AI_CONCEPT,2048x2560,238266,DP049,Product Primary Visual
Catalogue Primary,/media/generated/dp042-canyon-split-level-console-portrait-4x5.webp,4:5,AI_CONCEPT,2048x2560,257342,DP042,Product Primary Visual
Catalogue Primary,/media/generated/dp044-crescent-lounge-chair-portrait-4x5.webp,4:5,AI_CONCEPT,2048x2560,264576,DP044,Product Primary Visual
Catalogue Primary,/media/generated/dp036-root-sculptural-base-console-portrait-4x5.webp,4:5,AI_CONCEPT,2048x2560,261492,DP036,Product Primary Visual
Catalogue Primary,/media/generated/dp040-trace-metal-frame-console-portrait-4x5.webp,4:5,AI_CONCEPT,2048x2560,249126,DP040,Product Primary Visual
Catalogue Primary,/media/generated/dp034-eclipse-round-side-table-portrait-4x5.webp,4:5,AI_CONCEPT,2048x2560,212078,DP034,Product Primary Visual
Catalogue Primary,/media/generated/dp038-horizon-long-console-portrait-4x5.webp,4:5,AI_CONCEPT,2048x2560,271490,DP038,Product Primary Visual
Catalogue Primary,/media/generated/dp033-silt-compact-bedside-table-portrait-4x5.webp,4:5,AI_CONCEPT,2048x2560,230584,DP033,Product Primary Visual
Catalogue Primary,/media/generated/dp032-brook-floating-top-side-table-portrait-4x5.webp,4:5,AI_CONCEPT,2048x2560,225026,DP032,Product Primary Visual
Catalogue Primary,/media/generated/dp037-passage-entry-console-portrait-4x5.webp,4:5,AI_CONCEPT,2048x2560,234468,DP037,Product Primary Visual
Catalogue Primary,/media/generated/dp031-lumen-translucent-side-table-portrait-4x5.webp,4:5,AI_CONCEPT,2048x2560,232272,DP031,Product Primary Visual
Catalogue Primary,/media/generated/dp030-loam-drum-side-table-portrait-4x5.webp,4:5,AI_CONCEPT,2048x2560,278532,DP030,Product Primary Visual
Catalogue Primary,/media/generated/dp029-nocturne-bedside-table-portrait-4x5.webp,4:5,AI_CONCEPT,2048x2560,245954,DP029,Product Primary Visual
Catalogue Primary,/media/generated/dp026-dewdrop-pedestal-side-table-portrait-4x5.webp,4:5,AI_CONCEPT,2048x2560,255662,DP026,Product Primary Visual
Catalogue Primary,/media/generated/dp022-slate-river-coffee-table-portrait-4x5.webp,4:5,AI_CONCEPT,2048x2560,303874,DP022,Product Primary Visual
Catalogue Primary,/media/generated/dp021-moss-square-coffee-table-portrait-4x5.webp,4:5,AI_CONCEPT,2048x2560,337922,DP021,Product Primary Visual
Catalogue Primary,/media/generated/dp028-reed-tall-side-table-portrait-4x5.webp,4:5,AI_CONCEPT,2048x2560,272940,DP028,Product Primary Visual
Catalogue Primary,/media/generated/dp020-halo-ring-base-coffee-table-portrait-4x5.webp,4:5,AI_CONCEPT,2048x2560,262350,DP020,Product Primary Visual
Catalogue Primary,/media/generated/dp019-cove-low-coffee-table-portrait-4x5.webp,4:5,AI_CONCEPT,2048x2560,233962,DP019,Product Primary Visual
Catalogue Primary,/media/generated/dp027-arc-c-shape-side-table-portrait-4x5.webp,4:5,AI_CONCEPT,2048x2560,264010,DP027,Product Primary Visual
Catalogue Primary,/media/generated/dp018-delta-two-level-coffee-table-portrait-4x5.webp,4:5,AI_CONCEPT,2048x2560,293714,DP018,Product Primary Visual
Catalogue Primary,/media/generated/dp017-pebble-sculptural-coffee-table-portrait-4x5.webp,4:5,AI_CONCEPT,2048x2560,300676,DP017,Product Primary Visual
Catalogue Primary,/media/generated/dp016-drift-nesting-coffee-table-portrait-4x5.webp,4:5,AI_CONCEPT,2048x2560,266686,DP016,Product Primary Visual
Catalogue Primary,/media/generated/dp015-contour-oval-coffee-table-portrait-4x5.webp,4:5,AI_CONCEPT,2048x2560,327014,DP015,Product Primary Visual
Catalogue Primary,/media/generated/dp024-terra-plinth-coffee-table-portrait-4x5.webp,4:5,AI_CONCEPT,2048x2560,294916,DP024,Product Primary Visual
Catalogue Primary,/media/generated/dp012-grove-communal-dining-table-portrait-4x5.webp,4:5,AI_CONCEPT,2048x2560,258014,DP012,Product Primary Visual
Catalogue Primary,/media/generated/dp023-current-asymmetric-coffee-table-portrait-4x5.webp,4:5,AI_CONCEPT,2048x2560,371032,DP023,Product Primary Visual
Catalogue Primary,/media/generated/dp011-dune-smoked-resin-dining-table-portrait-4x5.webp,4:5,AI_CONCEPT,2048x2560,310048,DP011,Product Primary Visual
Catalogue Primary,/media/generated/dp005-estuary-oval-dining-table-portrait-4x5.webp,4:5,AI_CONCEPT,2048x2560,279814,DP005,Product Primary Visual
Catalogue Primary,/media/generated/dp010-ridge-bronze-inlay-dining-table-portrait-4x5.webp,4:5,AI_CONCEPT,2048x2560,266134,DP010,Product Primary Visual
Catalogue Primary,/media/generated/dp009-lagoon-pedestal-dining-table-portrait-4x5.webp,4:5,AI_CONCEPT,2048x2560,364776,DP009,Product Primary Visual
Catalogue Primary,/media/generated/dp008-umber-twin-base-dining-table-portrait-4x5.webp,4:5,AI_CONCEPT,2048x2560,371060,DP008,Product Primary Visual
Catalogue Primary,/media/generated/dp007-tidal-rectangular-dining-table-portrait-4x5.webp,4:5,AI_CONCEPT,2048x2560,266532,DP007,Product Primary Visual
Catalogue Primary,/media/generated/dp006-canopy-round-dining-table-portrait-4x5.webp,4:5,AI_CONCEPT,2048x2560,237922,DP006,Product Primary Visual
Catalogue Primary,/media/generated/dp004-monolith-long-span-dining-table-portrait-4x5.webp,4:5,AI_CONCEPT,2048x2560,296026,DP004,Product Primary Visual
Catalogue Primary,/media/generated/dp003-verdant-split-slab-dining-table-portrait-4x5.webp,4:5,AI_CONCEPT,2048x2560,283002,DP003,Product Primary Visual
Catalogue Primary,/media/generated/dp077-estuary-reception-counter-portrait-4x5.webp,4:5,AI_CONCEPT,2048x2560,261808,DP077,Product Primary Visual
Catalogue Primary,/media/generated/dp043-petal-sculptural-chair-portrait-4x5.webp,4:5,AI_CONCEPT,2048x2560,227996,DP043,Product Primary Visual
Catalogue Primary,/media/generated/dp051-single-slab-atelier-desk-portrait-4x5.webp,4:5,AI_CONCEPT,2048x2560,397578,DP051,Product Primary Visual
Catalogue Primary,/media/generated/dp057-horizon-band-wall-panel-portrait-4x5.webp,4:5,AI_CONCEPT,2048x2560,289702,DP057,Product Primary Visual
Catalogue Primary,/media/generated/dp014-orbit-circular-centre-table-portrait-4x5.webp,4:5,AI_CONCEPT,2048x2560,284260,DP014,Product Primary Visual
Catalogue Primary,/media/generated/dp025-twinleaf-matched-side-table-pair-portrait-4x5.webp,4:5,AI_CONCEPT,2048x2560,295980,DP025,Product Primary Visual
Catalogue Primary,/media/generated/dp002-stillwater-full-pour-dining-table-portrait-4x5.webp,4:5,AI_CONCEPT,2048x2560,260922,DP002,Product Primary Visual
Catalogue Detail,/media/generated/dp114-matching-detail-4x5.webp,4:5,AI_CONCEPT,2048x2560,277074,DP114,Product Secondary Detail
Catalogue Detail,/media/generated/dp085-matching-detail-4x5.webp,4:5,AI_CONCEPT,2048x2560,271532,DP085,Product Secondary Detail
Catalogue Detail,/media/generated/dp069-matching-detail-4x5.webp,4:5,AI_CONCEPT,2048x2560,282274,DP069,Product Secondary Detail
Catalogue Detail,/media/generated/dp048-matching-detail-4x5.webp,4:5,AI_CONCEPT,2048x2560,270340,DP048,Product Secondary Detail
Catalogue Detail,/media/generated/dp013-matching-detail-4x5.webp,4:5,AI_CONCEPT,2048x2560,241314,DP013,Product Secondary Detail
Catalogue Detail,/media/generated/dp035-matching-detail-4x5.webp,4:5,AI_CONCEPT,2048x2560,138914,DP035,Product Secondary Detail
Catalogue Detail,/media/generated/dp001-matching-detail-4x5.webp,4:5,AI_CONCEPT,2048x2560,222318,DP001,Product Secondary Detail