id,title,pattern,status,sectionOrder,desktopProposal,mobileProposal,acceptance
W01,"Shared header, footer, navigation and search entry",navigation,Local presentation started,Brand and primary links > collection menu > search > language control > saved pieces > footer and protected contacts,screenshots/proposal-W01.jpg,screenshots/proposal-W01-mobile.jpg,Escape closes menus and restores focus. Keyboard can reach all destinations. At 320px menus scroll internally and contact values wrap.
W02,Homepage `/`,hero,Local presentation started,Full-height hero > point of view > three worlds > selected forms > all-category index > material chapter > atelier chapter > room context > bespoke brief > four steps > principles > journal > invitation,screenshots/proposal-W02.jpg,screenshots/proposal-W02-mobile.jpg,Saved homepage preview and public renderer must match at the exact revision. Product selections resolve existing IDs. Every enabled chapter has a heading and a working CTA.
W03,Collectible design `/collectible-design`,catalogue,Proposed refinement; existing functionality retained,Collection introduction > featured visual > browse anchor > filter chips and sort > product grid > form index > scale-planning chapter > materials > process link > FAQ > brief invitation,screenshots/proposal-W03.jpg,screenshots/proposal-W03-mobile.jpg,"Filters, counts, paging and Back agree. Selected filter chips remain visible. Price-on-request records never gain an invented price."
W04,Memory art `/memory-art`,catalogue,Proposed refinement; existing functionality retained,Memory introduction > preservation doorway > browse > occasion guidance > what to discuss > condition questions > process > care link > related journal > invitation,screenshots/proposal-W04.jpg,screenshots/proposal-W04-mobile.jpg,Memory filters remain tier-scoped; personalization questions retain conditional logic. No unsupported longevity or preservation promise is introduced.
W05,Personal art `/personal-art`,catalogue,Proposed refinement; existing functionality retained,Personal-gift introduction > gifts doorway > browse > occasion and recipient chapters > lettering guidance > quantity discussion > process > related journal > invitation,screenshots/proposal-W05.jpg,screenshots/proposal-W05-mobile.jpg,Personal-art options and quantity validation remain unchanged; original IDs and galleries resolve correctly after filtering and saving.
W06,Search and catalogue discovery `/search`,catalogue,Proposed refinement; existing functionality retained,Search field > count and current query > applied chips > sort > result grid > paging > empty-state reset > links to all three collections,screenshots/proposal-W06.jpg,screenshots/proposal-W06-mobile.jpg,"Query, filters and page are shareable in the URL. Clear one chip preserves other filters. Back restores the prior result set and scroll context."
W07,Product detail `/pieces/[slug]`,product,Local presentation started,Compact breadcrumb > original gallery and title/specification column > existing action controls > factual details > dimensions and options > care > related pieces > brief invitation,screenshots/proposal-W07.jpg,screenshots/proposal-W07-mobile.jpg,"Gallery order, captions, originals, Arrow/Home/End/Escape and focus return remain correct. Main product action is near the gallery, not below a blank screen."
W08,Product customization `/pieces/[slug]/customize`,form,Local presentation started,Product context > step navigation > current options > references > contact details > review > save request > explicit WhatsApp handoff,screenshots/proposal-W08.jpg,screenshots/proposal-W08-mobile.jpg,Initial load remains at heading; Next/error moves focus deliberately. Back retains answers. Retry does not create duplicate requests; private references stay private.
W09,Commission entry `/commission`,editorial,Proposed refinement; existing functionality retained,Commission introduction > choose an existing piece or bespoke path > what to bring > four-step journey > expectations from approved content > FAQ > contact,screenshots/proposal-W09.jpg,screenshots/proposal-W09-mobile.jpg,"Both paths are keyboard accessible. Links preserve the intended product or bespoke context. No deposit, price or deadline is fabricated."
W10,Bespoke request `/commission/customize`,form,Local presentation started,Brief purpose > dimensions if known > style and colours > private references > contact > review > saved receipt,screenshots/proposal-W10.jpg,screenshots/proposal-W10-mobile.jpg,"No initial autofocus jump. All failures retain entered values. Upload retry, schema-change review and manual-send semantics remain unchanged."
W11,Saved-request receipt `/inquiry/received`,receipt,Proposed refinement; existing functionality retained,Saved reference > server-confirmed status > summary > prepared message > Open WhatsApp / Copy > next steps > safe return link,screenshots/proposal-W11.jpg,screenshots/proposal-W11-mobile.jpg,Reload is safe; private receipt tokens never appear in screenshots or reports. Copy failure offers selectable text. Message preparation failure leaves the saved brief recoverable.
W12,Atelier story `/our-story`; alias `/about`,editorial,Proposed refinement; existing functionality retained,Atelier point of view > material relationship > personal stories > design conversation > genuine maker proof if supplied > values > process > invitation,screenshots/proposal-W12.jpg,screenshots/proposal-W12-mobile.jpg,"Each chapter can be edited, previewed and recovered. Missing proof removes the proof module instead of leaving fabricated staff or awards."
W13,Process `/process`,process,Proposed refinement; existing functionality retained,Opening > choose starting point > describe preferences > save the brief > start the conversation > material discussion > practical questions > invitation,screenshots/proposal-W13.jpg,screenshots/proposal-W13-mobile.jpg,All four steps readable without animation. Reduced motion uses a simple vertical list. Sticky imagery must release before the footer and never cover text.
W14,"Materials and care `/materials-care`; aliases `/materials`, `/care`",editorial,Proposed refinement; existing functionality retained,Materials introduction > timber > resin > finish dialogue > use and placement > approved care guidance > questions > related journal,screenshots/proposal-W14.jpg,screenshots/proposal-W14-mobile.jpg,Material and care anchors resolve from other pages. Advice is sourced to reviewed content. Tables reflow; print view remains legible.
W15,Architects and collaborators `/architects`,editorial,Proposed refinement; existing functionality retained,Project-context introduction > what to prepare > scale and access > materials dialogue > collaboration steps > reference brief > contact,screenshots/proposal-W15.jpg,screenshots/proposal-W15-mobile.jpg,Architect CTA reaches the correct brief. No unsupported BIM/download/trade program is activated. Visual diagrams have text equivalents.
W16,"Journey aliases `/preserve`, `/personalize`",editorial,Proposed refinement; existing functionality retained,Preserve or personalize landing context > current destination > collection introduction > brief path,screenshots/proposal-W16.jpg,screenshots/proposal-W16-mobile.jpg,Alias behavior and canonical destination agree with the registry; unsupported legacy product identities do not guess a replacement.
W17,Portfolio index `/portfolio`,journal,Proposed refinement; existing functionality retained,Portfolio introduction > genuine project index or honest empty state > selection criteria > commission invitation,screenshots/proposal-W17.jpg,screenshots/proposal-W17-mobile.jpg,"No invented clients, project locations or completion years. Empty state is accessible; unapproved detail records remain unavailable."
W18,Project detail `/portfolio/[slug]`,editorial,Proposed refinement; existing functionality retained,Approved project title > context > brief > constraints > design response > details > factual outcome > credits > related project,screenshots/proposal-W18.jpg,screenshots/proposal-W18-mobile.jpg,"Unknown project slugs return 404. Publication requires real evidence and image permission; title, gallery and credits are versioned."
W19,Journal index `/journal`,journal,Proposed refinement; existing functionality retained,Editorial introduction > featured story > categories > article grid > paging > related collection invitation,screenshots/proposal-W19.jpg,screenshots/proposal-W19-mobile.jpg,Only published articles appear. Category filters and paging survive Back. Reading time is derived; no fabricated author/date or newsletter signup.
W20,Journal article `/journal/[slug]`,article,Proposed refinement; existing functionality retained,Article title > actual metadata > lead image > table of contents if long > chapters > image captions > related reading > relevant brief CTA,screenshots/proposal-W20.jpg,screenshots/proposal-W20-mobile.jpg,"Headings, anchors and captions work at 200% zoom. Publish/restore changes article version safely. Related links resolve public records only."
W21,Frequently asked questions `/faq`,policy,Proposed refinement; existing functionality retained,Introduction > topic groups > expandable questions > practical links > contact invitation,screenshots/proposal-W21.jpg,screenshots/proposal-W21-mobile.jpg,Keyboard activation and state announcement work. Deep-linked question opens correctly. FAQ does not contradict protected policies or contact settings.
W22,Contact `/contact`,contact,Proposed refinement; existing functionality retained,Contact introduction > protected phone/email/socials > brief choices > approved location/hours only > practical links,screenshots/proposal-W22.jpg,screenshots/proposal-W22-mobile.jpg,"Phone remains +91 8320404132; email remains rivyalivingart2.0@gmail.com. No unsolicited outbound message, newsletter or third-party embed is added."
W23,Shipping and delivery `/shipping-delivery`,policy,Proposed refinement; existing functionality retained,Policy title > approved scope > process > responsibilities > questions > exact contact values,screenshots/proposal-W23.jpg,screenshots/proposal-W23-mobile.jpg,"Published approved policy remains the source of truth; no changes to territory, cost, timing or liability without factual approval."
W24,Returns and cancellations `/returns-cancellations`,policy,Proposed refinement; existing functionality retained,Policy title > stages of a request > approved change/cancellation terms > contact > related policy links,screenshots/proposal-W24.jpg,screenshots/proposal-W24-mobile.jpg,"No new cancellation rights, deadlines or refund promises. Navigation and printable content remain complete."
W25,Privacy `/privacy`,policy,Proposed refinement; existing functionality retained,Policy title > collection/use > references > retention > rights/contact > updates,screenshots/proposal-W25.jpg,screenshots/proposal-W25-mobile.jpg,"No private data in structured metadata or screenshots. Erasure and export controls remain authorized Studio actions, never public shortcuts."
W26,Terms `/terms`,policy,Proposed refinement; existing functionality retained,Terms title > approved sections > business contact > related policies,screenshots/proposal-W26.jpg,screenshots/proposal-W26-mobile.jpg,"No fabricated business registration, address or effective date. Unknown legal fields remain explicit editorial blockers."
W27,Imprint `/imprint` — first broken public destination,policy,Proposed refinement; existing functionality retained,Registered business content > approved entity facts > protected phone/email > relevant disclosure > policy links,screenshots/proposal-W27.jpg,screenshots/proposal-W27-mobile.jpg,"Exact draft preview, publish, public footer navigation and recovery need production evidence. Do not certify availability from code alone."
W28,Accessibility `/accessibility`,policy,Proposed refinement; existing functionality retained,Statement > supported interactions > known limitations > contact for assistance > review date if verified,screenshots/proposal-W28.jpg,screenshots/proposal-W28-mobile.jpg,"Statement matches actual evidence and remaining issues. Contact route works, with no invented certification or audit date."
W29,"Loading, empty, unavailable, 404 and error states",system,Proposed refinement; existing functionality retained,Clear loading/error/empty title > relevant explanation > retry/reset/back action > retained context,screenshots/proposal-W29.jpg,screenshots/proposal-W29-mobile.jpg,Error boundaries preserve safe recovery; no-result filters stay editable. 404 status is real. Loading placeholders do not shift the whole layout.
W30,Authenticated preview and development state galleries,system,Proposed refinement; existing functionality retained,Authenticated preview banner > record and revision > actual renderer > return-to-editor link,screenshots/proposal-W30.jpg,screenshots/proposal-W30-mobile.jpg,"Unauthenticated preview is denied. Preview never leaks draft data into public caches, metadata, sitemap or screenshots for sharing."
W31,Conditional workshop pages — no new route until an actual offering exists,system,Proposed refinement; existing functionality retained,Conditional offering introduction > verified dates/location/format > booking only if supported,screenshots/proposal-W31.jpg,screenshots/proposal-W31-mobile.jpg,"No fake seats, dates, prices, bookings or availability. Activation requires real business content and a tested service contract."
W32,Conditional 3D-printing/supplies or other legacy service pages,system,Proposed refinement; existing functionality retained,Existing retirement explanation > current supported services > useful contact or collection link,screenshots/proposal-W32.jpg,screenshots/proposal-W32-mobile.jpg,"Unverified legacy routes remain gone/unavailable as specified, with safe destinations and no sensitive query forwarding."
W33,Reviewed languages and legacy-URL journeys,navigation,Proposed refinement; existing functionality retained,Language switch > translated interface > explicit editorial fallback > exact route preservation > legacy mapping,screenshots/proposal-W33.jpg,screenshots/proposal-W33-mobile.jpg,Language choice survives navigation. Fallback is announced; contacts/product facts are unchanged. Unverified translations never auto-publish.
W34,Saved pieces / legacy `/shop/wishlist`,saved,Proposed refinement; existing functionality retained,Saved count > product cards > unavailable items > remove/clear > collection return > brief links,screenshots/proposal-W34.jpg,screenshots/proposal-W34-mobile.jpg,Reload persists supported local IDs. Storage failure is explicit. Unavailable records can be removed. No old wishlist import.
W35,Registered custom pages / legacy `/p/[slug]`,editorial,Proposed refinement; existing functionality retained,Approved custom-page introduction > typed chapters > supported images/actions > related destination,screenshots/proposal-W35.jpg,screenshots/proposal-W35-mobile.jpg,"Exact registered route, published revision, image provenance and recovery pass. Unknown custom slugs return 404."
W36,"Gone, maintenance, rate-limit and environmental states",system,Proposed refinement; existing functionality retained,Specific gone/maintenance/rate-limit state > safe explanation > retry guidance where valid > useful return link,screenshots/proposal-W36.jpg,screenshots/proposal-W36-mobile.jpg,Correct HTTP status and cache behavior; no token leakage via redirects/referrers. Recovery action cannot bypass authorization.
