id,phase,task,status,dependency,acceptance
C0-01,Reconcile and protect,Reconcile duplicate source files and outdated instructions,COMPLETE,none,Inventory and decision log reviewed; no protected facts overwritten.
C0-02,Reconcile and protect,Record current route and Studio module inventory,COMPLETE,none,Inventory and decision log reviewed; no protected facts overwritten.
C0-03,Reconcile and protect,"Lock products, social content and canonical business facts",COMPLETE,none,Inventory and decision log reviewed; no protected facts overwritten.
C0-04,Reconcile and protect,Review all three reference sites with loaded-page screenshots,COMPLETE,none,Inventory and decision log reviewed; no protected facts overwritten.
C0-05,Reconcile and protect,Inspect three dashboard registries and retain attribution,COMPLETE,none,Inventory and decision log reviewed; no protected facts overwritten.
C0-06,Reconcile and protect,Carry forward unresolved P4/P7/P8 evidence without resetting history,COMPLETE,none,Inventory and decision log reviewed; no protected facts overwritten.
C1-01,Visual foundations and first working slice,Compose a full-bleed responsive homepage opening,RELEASED — PR37/38; scoped QA complete; broader acceptance separate,C0,"Typecheck, changed-file lint, unit suite, responsive visual checks, motion check and protected-source comparison. Source release complete; see FINAL-ACCEPTANCE-2026-10-05.md for current production scope and limits."
C1-02,Visual foundations and first working slice,Keep first paint visible and native scroll intact,RELEASED — PR37/38; scoped QA complete; broader acceptance separate,C0,"Typecheck, changed-file lint, unit suite, responsive visual checks, motion check and protected-source comparison. Source release complete; see FINAL-ACCEPTANCE-2026-10-05.md for current production scope and limits."
C1-03,Visual foundations and first working slice,Remove material-colour distortion on product hover,RELEASED — PR37/38; scoped QA complete; broader acceptance separate,C0,"Typecheck, changed-file lint, unit suite, responsive visual checks, motion check and protected-source comparison. Source release complete; see FINAL-ACCEPTANCE-2026-10-05.md for current production scope and limits."
C1-04,Visual foundations and first working slice,Move PDP context and primary action closer to the gallery,RELEASED — PR37/38; scoped QA complete; broader acceptance separate,C0,"Typecheck, changed-file lint, unit suite, responsive visual checks, motion check and protected-source comparison. Source release complete; see FINAL-ACCEPTANCE-2026-10-05.md for current production scope and limits."
C1-05,Visual foundations and first working slice,Remove initial form autofocus while retaining deliberate error focus,RELEASED — PR37/38; scoped QA complete; broader acceptance separate,C0,"Typecheck, changed-file lint, unit suite, responsive visual checks, motion check and protected-source comparison. Source release complete; see FINAL-ACCEPTANCE-2026-10-05.md for current production scope and limits."
C1-06,Visual foundations and first working slice,"Adapt real Studio metrics, table, stage bars and workspace search",RELEASED — PR37/38; scoped QA complete; broader acceptance separate,C0,"Typecheck, changed-file lint, unit suite, responsive visual checks, motion check and protected-source comparison. Source release complete; see FINAL-ACCEPTANCE-2026-10-05.md for current production scope and limits."
C2-01,Complete homepage and image language,Audit all homepage chapters against detailed old-site intent,RELEASED — PR37/38; scoped QA complete; broader acceptance separate,C1,Save → preview → publish → public verification → restore in isolated QA; identical record/version and no copied QA IDs in production. Source release complete; see FINAL-ACCEPTANCE-2026-10-05.md for current production scope and limits.
C2-02,Complete homepage and image language,Curate selected existing product IDs without mutating records,RELEASED — PR37/38; scoped QA complete; broader acceptance separate,C1,Save → preview → publish → public verification → restore in isolated QA; identical record/version and no copied QA IDs in production. Source release complete; see FINAL-ACCEPTANCE-2026-10-05.md for current production scope and limits.
C2-03,Complete homepage and image language,Preserve all 15 category destinations and visible counts,RELEASED — PR37/38; scoped QA complete; broader acceptance separate,C1,Save → preview → publish → public verification → restore in isolated QA; identical record/version and no copied QA IDs in production. Source release complete; see FINAL-ACCEPTANCE-2026-10-05.md for current production scope and limits.
C2-04,Complete homepage and image language,Assign distinct approved editorial slots and mobile crops,RELEASED — PR37/38; scoped QA complete; broader acceptance separate,C1,Save → preview → publish → public verification → restore in isolated QA; identical record/version and no copied QA IDs in production. Source release complete; see FINAL-ACCEPTANCE-2026-10-05.md for current production scope and limits.
C2-05,Complete homepage and image language,"Review optional video, poster, controls and network behavior",DEFERRED; STATIC FIRST,C1,"Candidate metadata inventoried. Full footage/rights review, poster, explicit controls, reduced motion, captions if needed and mobile loading cost remain open. No video installed."
C2-06,Complete homepage and image language,"Verify saved homepage preview, publish and revision recovery",RELEASED — PR37/38; scoped QA complete; broader acceptance separate,C1,Save → preview → publish → public verification → restore in isolated QA; identical record/version and no copied QA IDs in production. Source release complete; see FINAL-ACCEPTANCE-2026-10-05.md for current production scope and limits.
C3-01,"Collections, products and complete inquiry journey",Refine collectible-design chapters and catalogue layout,RELEASED — PR37/38; scoped QA complete; broader acceptance separate,C1,Filters/Back/keyboard/gallery/retained answers/private uploads/idempotent save/manual send verified for each product tier. Source release complete; see FINAL-ACCEPTANCE-2026-10-05.md for current production scope and limits.
C3-02,"Collections, products and complete inquiry journey",Refine memory-art chapters and preservation questions,RELEASED — PR37/38; scoped QA complete; broader acceptance separate,C1,Filters/Back/keyboard/gallery/retained answers/private uploads/idempotent save/manual send verified for each product tier. Source release complete; see FINAL-ACCEPTANCE-2026-10-05.md for current production scope and limits.
C3-03,"Collections, products and complete inquiry journey",Refine personal-art chapters and personalization guidance,RELEASED — PR37/38; scoped QA complete; broader acceptance separate,C1,Filters/Back/keyboard/gallery/retained answers/private uploads/idempotent save/manual send verified for each product tier. Source release complete; see FINAL-ACCEPTANCE-2026-10-05.md for current production scope and limits.
C3-04,"Collections, products and complete inquiry journey","Verify search, chips, sort, pagination and Back",RELEASED — PR37/38; scoped QA complete; broader acceptance separate,C1,Filters/Back/keyboard/gallery/retained answers/private uploads/idempotent save/manual send verified for each product tier. Source release complete; see FINAL-ACCEPTANCE-2026-10-05.md for current production scope and limits.
C3-05,"Collections, products and complete inquiry journey","Verify original gallery, saved pieces and unavailable records",RELEASED — PR37/38; scoped QA complete; broader acceptance separate,C1,Filters/Back/keyboard/gallery/retained answers/private uploads/idempotent save/manual send verified for each product tier. Source release complete; see FINAL-ACCEPTANCE-2026-10-05.md for current production scope and limits.
C3-06,"Collections, products and complete inquiry journey","Verify brief steps, private references, save retry and receipt",RELEASED — PR37/38; scoped QA complete; broader acceptance separate,C1,Filters/Back/keyboard/gallery/retained answers/private uploads/idempotent save/manual send verified for each product tier. Source release complete; see FINAL-ACCEPTANCE-2026-10-05.md for current production scope and limits.
C4-01,Editorial pages and detailed content,"Refine story, process and materials chapters",RELEASED — PR37/38; scoped QA complete; broader acceptance separate,C2,"Every W-family has route disposition, content source, visual reference and acceptance evidence; legal/business facts reviewed before publication. Source release complete; see FINAL-ACCEPTANCE-2026-10-05.md for current production scope and limits."
C4-02,Editorial pages and detailed content,Refine architects and genuine portfolio/empty state,RELEASED — PR37/38; scoped QA complete; broader acceptance separate,C2,"Every W-family has route disposition, content source, visual reference and acceptance evidence; legal/business facts reviewed before publication. Source release complete; see FINAL-ACCEPTANCE-2026-10-05.md for current production scope and limits."
C4-03,Editorial pages and detailed content,"Refine journal listing, article reading and related links",RELEASED — PR37/38; scoped QA complete; broader acceptance separate,C2,"Every W-family has route disposition, content source, visual reference and acceptance evidence; legal/business facts reviewed before publication. Source release complete; see FINAL-ACCEPTANCE-2026-10-05.md for current production scope and limits."
C4-04,Editorial pages and detailed content,"Refine FAQ, contact and protected policy typography",RELEASED — PR37/38; scoped QA complete; broader acceptance separate,C2,"Every W-family has route disposition, content source, visual reference and acceptance evidence; legal/business facts reviewed before publication. Source release complete; see FINAL-ACCEPTANCE-2026-10-05.md for current production scope and limits."
C4-05,Editorial pages and detailed content,Complete factual Imprint editorial publication checks,COMPLETE — production public v2; recovery draft v3,C2,"Factual exact preview, publication, anonymous public content, footer and draft recovery verified; contacts unchanged."
C4-06,Editorial pages and detailed content,"Verify aliases, custom pages, languages and system states",RELEASED — PR37/38; scoped QA complete; broader acceptance separate,C2,"Every W-family has route disposition, content source, visual reference and acceptance evidence; legal/business facts reviewed before publication. Source release complete; see FINAL-ACCEPTANCE-2026-10-05.md for current production scope and limits."
C5-01,Studio refinement across all modules,Extend shared overview tokens to inquiry and follow-up tables,COMPLETE — ISOLATED QA ACCEPTED,"C1, then shared content checks","Permission matrix, initial failure, stale refresh, dirty switch, 409, 401, revision recovery and mobile keyboard flows pass."
C5-02,Studio refinement across all modules,Refine protected catalogue and actual-form preview,COMPLETE — ISOLATED QA ACCEPTED,"C1, then shared content checks","Permission matrix, initial failure, stale refresh, dirty switch, 409, 401, revision recovery and mobile keyboard flows pass."
C5-03,Studio refinement across all modules,"Refine page composer, site copy and saved publication controls",COMPLETE — ISOLATED QA ACCEPTED,"C1, then shared content checks","Permission matrix, initial failure, stale refresh, dirty switch, 409, 401, revision recovery and mobile keyboard flows pass."
C5-04,Studio refinement across all modules,Refine media inspector and page-slot crop workspace,COMPLETE — ISOLATED QA ACCEPTED,"C1, then shared content checks","Permission matrix, initial failure, stale refresh, dirty switch, 409, 401, revision recovery and mobile keyboard flows pass."
C5-05,Studio refinement across all modules,"Refine health, language and route decision workspaces",COMPLETE — ISOLATED QA ACCEPTED,"C1, then shared content checks","Permission matrix, initial failure, stale refresh, dirty switch, 409, 401, revision recovery and mobile keyboard flows pass."
C5-06,Studio refinement across all modules,"Refine activity/recovery, staff and protected settings",COMPLETE — ISOLATED QA ACCEPTED,"C1, then shared content checks","Permission matrix, initial failure, stale refresh, dirty switch, 409, 401, revision recovery and mobile keyboard flows pass."
C6-01,Performance and accessibility,Profile and reduce public mobile TTFB/LCP bottlenecks,PARTIAL — 7/7 local medians pass; hosted 3.539s and field evidence open,C1-C5 candidate and operational evidence,"See FINAL-ACCEPTANCE-2026-10-05.md: local source-only fixture limits, current imagery/cold hosted checks and field p75 remain."
C6-02,Performance and accessibility,Enforce responsive-image and motion budgets,COMPLETE — scoped image and motion guards passed,C1-C5 candidate and operational evidence,See CRAFT-C6-CHECKPOINT.md and craft-c6-evidence.json; human/physical and field evidence remain separate.
C6-03,Performance and accessibility,"Execute keyboard, zoom and automated accessibility matrix","COMPLETE — automated, native zoom and assistant contrast scope passed",C1-C5 candidate and operational evidence,See CRAFT-C6-CHECKPOINT.md and craft-c6-evidence.json; human/physical and field evidence remain separate.
C6-04,Performance and accessibility,Obtain actual screen-reader and physical-phone evidence,NOT AVAILABLE — owner has no phone or screen reader now,C1-C5 candidate and operational evidence,See CRAFT-C6-CHECKPOINT.md and craft-c6-evidence.json; human/physical and field evidence remain separate.
C6-05,Performance and accessibility,Removed scope item; see 2026-10-05 owner decision,REMOVED BY OWNER — 2026-10-05,C1-C5 candidate and operational evidence,Not required; removed by owner.
C6-06,Performance and accessibility,Removed scope item; see 2026-10-05 owner decision,REMOVED BY OWNER — 2026-10-05,C1-C5 candidate and operational evidence,Not required; removed by owner.
C7-01,"Review, PR and production release",Refresh protected fingerprints and final verification ledger,PR38 RELEASE COMPLETE; NEW FOLLOW-UP RELEASE PENDING,C6 disposition and explicit push-main request,"Prior source merged as 8628480 via PR38 and released. Current local follow-up needs a new explicit push-main request, detailed PR, exact-head checks and deployment verification. Indexing is approved with that next release; overall acceptance remains partial."
C7-02,"Review, PR and production release",Prepare detailed PR description and reviewed file register,PR38 RELEASE COMPLETE; NEW FOLLOW-UP RELEASE PENDING,C6 disposition and explicit push-main request,"Prior source merged as 8628480 via PR38 and released. Current local follow-up needs a new explicit push-main request, detailed PR, exact-head checks and deployment verification. Indexing is approved with that next release; overall acceptance remains partial."
C7-03,"Review, PR and production release",Run protected Preview and authenticated/public checks,PR38 RELEASE COMPLETE; NEW FOLLOW-UP RELEASE PENDING,C6 disposition and explicit push-main request,"Prior source merged as 8628480 via PR38 and released. Current local follow-up needs a new explicit push-main request, detailed PR, exact-head checks and deployment verification. Indexing is approved with that next release; overall acceptance remains partial."
C7-04,"Review, PR and production release",Merge via PR only on an explicit new push-main instruction,PR38 RELEASE COMPLETE; NEW FOLLOW-UP RELEASE PENDING,C6 disposition and explicit push-main request,"Prior source merged as 8628480 via PR38 and released. Current local follow-up needs a new explicit push-main request, detailed PR, exact-head checks and deployment verification. Indexing is approved with that next release; overall acceptance remains partial."
C7-05,"Review, PR and production release",Verify READY production deployment and exact build source,PR38 RELEASE COMPLETE; NEW FOLLOW-UP RELEASE PENDING,C6 disposition and explicit push-main request,"Prior source merged as 8628480 via PR38 and released. Current local follow-up needs a new explicit push-main request, detailed PR, exact-head checks and deployment verification. Indexing is approved with that next release; overall acceptance remains partial."
C7-06,"Review, PR and production release","Record rollback, content publication and remaining exceptions",PR38 RELEASE COMPLETE; NEW FOLLOW-UP RELEASE PENDING,C6 disposition and explicit push-main request,"Prior source merged as 8628480 via PR38 and released. Current local follow-up needs a new explicit push-main request, detailed PR, exact-head checks and deployment verification. Indexing is approved with that next release; overall acceptance remains partial."
