id,page,source_or_disposition,presentation,evidence_and_limits,existing_visual_reference
W12,Atelier story `/our-story`; alias `/about`,Existing published story v8; seven chapters,"Split opening, chapter index, detailed statements and saved images",Scoped layout/keyboard/exact-preview QA; page publication/recovery not rerun,screenshots/proposal-W12.jpg
W13,Process `/process`,Existing published process v18; twelve chapters,"Four numbered customer steps, later making and preparation chapters",Scoped layout/exact-preview QA; customer steps readable without animation,screenshots/proposal-W13.jpg
W14,"Materials and care `/materials-care`; aliases `/materials`, `/care`",Existing published materials v9; eight chapters,"Saved material detail image, readable care chapters, printable guide",Scoped layout/exact-preview and print-media QA; aliases verified,screenshots/proposal-W14.jpg
W15,Architects and collaborators `/architects`,Existing published architects v3; six chapters,Split opening and existing detailed project-brief guidance,"Scoped layout QA; no new program, download or promise activated",screenshots/proposal-W15.jpg
W16,"Journey aliases `/preserve`, `/personalize`",Existing alias registry,Journey aliases retain current destinations,Retained built-server coverage; no legacy identity guesses,screenshots/proposal-W16.jpg
W17,Portfolio index `/portfolio`,Existing approvedProjects registry is empty,Honest empty state with collection and architect links,Four-width layout and HTTP empty-state QA,screenshots/proposal-W17.jpg
W18,Project detail `/portfolio/[slug]`,No approved project records,Unavailable detail; index-only loading fallback,Real 404 regression added; actual project publication conditional,screenshots/proposal-W18.jpg
W19,Journal index `/journal`,Existing journal v4 snapshot with 36 articles,"Featured story, labeled search, topic chips, readable listing",Keyboard filtering/paging/Back/no-match QA,screenshots/proposal-W19.jpg
W20,Journal article `/journal/[slug]`,DB019 published article v1 sampled,"Readable prose, three-chapter contents, related content retained",Exact-preview/anchor/layout QA; 200% zoom and publish/restore not rerun,screenshots/proposal-W20.jpg
W21,Frequently asked questions `/faq`,Existing FAQ v10; twelve answers/four groups,"Search panel, native disclosures, direct-answer links","Keyboard grouping, reset, answer/deep-link QA",screenshots/proposal-W21.jpg
W22,Contact `/contact`,Existing contact v1 plus canonical business settings,Readable contact cards and saved-brief destination,Exact phone/email and four-width layout QA; no outbound message,screenshots/proposal-W22.jpg
W23,Shipping and delivery `/shipping-delivery`,Existing published delivery v1,"Readable policy chapters, contents and print styles",Published revision and four-width QA; policy wording unchanged,screenshots/proposal-W23.jpg
W24,Returns and cancellations `/returns-cancellations`,Existing published returns v1,"Readable policy chapters, contents and print styles",Published revision and four-width QA; policy wording unchanged,screenshots/proposal-W24.jpg
W25,Privacy `/privacy`,Existing published privacy v1,"Readable policy chapters, contents and print styles",Published revision and four-width QA; no private record screenshot,screenshots/proposal-W25.jpg
W26,Terms `/terms`,Existing published terms v3,Readable policy chapters and explicit effective-date state,Published revision/four-width QA; no legal facts invented,screenshots/proposal-W26.jpg
W27,Imprint `/imprint` — first broken public destination,QA Imprint v5; production missing/unavailable,"Protected business contacts, readable chapters, printable view",PARTIAL: QA preview/public pass; live 404; production approval/publish/recovery open,screenshots/proposal-W27.jpg
W28,Accessibility `/accessibility`,Existing published accessibility v1,Readable statement and existing contact route,Published revision/four-width QA; no compliance certification claimed,screenshots/proposal-W28.jpg
W29,"Loading, empty, unavailable, 404 and error states",Existing reading/system-state components,Index-only loading; explicit empty results and unavailable details,Real 404 regressions and reset behavior verified; wider error gates retained,screenshots/proposal-W29.jpg
W30,Authenticated preview and development state galleries,Six existing saved QA revisions,Shared real renderer; protected saved preview,Authenticated HTTP preview and anonymous denial pass; browser session expired,screenshots/proposal-W30.jpg
W31,Conditional workshop pages — no new route until an actual offering exists,No actual workshop offering,Existing retired state retained,410 checked; no offering activated,screenshots/proposal-W31.jpg
W32,Conditional 3D-printing/supplies or other legacy service pages,Existing legacy service dispositions,Existing gone/unavailable destinations retained,Built-server regression scope; no new service activated,screenshots/proposal-W32.jpg
W33,Reviewed languages and legacy-URL journeys,Existing reviewed interface dictionaries and editorial fallback,Hindi/Gujarati interface with explicit English content notice,Selection/persistence/fallback checked; human translation review open,screenshots/proposal-W33.jpg
W34,Saved pieces / legacy `/shop/wishlist`,Existing browser-local saved IDs; no old wishlist import,C3 saved-piece presentation retained,C3 persistence evidence retained; old /shop/wishlist 410 checked,screenshots/proposal-W34.jpg
W35,Registered custom pages / legacy `/p/[slug]`,Existing registered custom-page v3 saved draft,Shared exact saved-preview renderer,Authenticated preview/anonymous denial and unknown-slug 404; publication/recovery not rerun,screenshots/proposal-W35.jpg
W36,"Gone, maintenance, rate-limit and environmental states",Existing environmental/status contracts,Existing safe gone/maintenance/rate-limit destinations,403 built-server assertions; full field/release acceptance remains open,screenshots/proposal-W36.jpg
