module,route,presentation,evidence,remaining
Daily overview,/studio,Existing C1 overview retained within the shared Studio shell,390px and 1440px body reflow observed in isolated owner QA; see scoped interaction/service evidence,Full permission/error/mutation and human-device acceptance not certified
Inquiries and orders,/studio/inquiries,Compact search/stage row; native advanced-filter disclosure; applied chips; readable tables and stage labels,390px and 1440px body reflow observed in isolated owner QA; see scoped interaction/service evidence,Full permission/error/mutation and human-device acceptance not certified
Follow-ups,/studio/follow-ups,Same inquiry controls and existing IST semantics; honest empty view,390px and 1440px body reflow observed in isolated owner QA; see scoped interaction/service evidence,Full permission/error/mutation and human-device acceptance not certified
Catalogue and forms,/studio/products,"Protected product editor; shared tabs with arrow/Home/End keys, roving focus and named panels; actual conditional form preview",390px and 1440px body reflow observed in isolated owner QA; see scoped interaction/service evidence,Full permission/error/mutation and human-device acceptance not certified
Pages and journal,/studio/content,"Labelled record/revision/publication/editing state; consistent lists, actions, chapter editors and recovery panels",390px and 1440px body reflow observed in isolated owner QA; see scoped interaction/service evidence,Full permission/error/mutation and human-device acceptance not certified
Site copy,/studio/site-copy,Same content-editor hierarchy and saved publication controls,390px and 1440px body reflow observed in isolated owner QA; see scoped interaction/service evidence,Full permission/error/mutation and human-device acceptance not certified
Public media,/studio/media,"Contained card rows, selected pressed state, consistent inspector and metadata controls",390px and 1440px body reflow observed in isolated owner QA; see scoped interaction/service evidence,Full permission/error/mutation and human-device acceptance not certified
Site images,/studio/site-images,Page/slot assignment and independent desktop/mobile crops in the shared editor style,390px and 1440px body reflow observed in isolated owner QA; see scoped interaction/service evidence,Full permission/error/mutation and human-device acceptance not certified
Content health,/studio/content-health,"Readable panels, task tables and existing record links",390px and 1440px body reflow observed in isolated owner QA; see scoped interaction/service evidence,Full permission/error/mutation and human-device acceptance not certified
Language review,/studio/translations,Coverage filters and readable review cards; honest source-language fallback,390px and 1440px body reflow observed in isolated owner QA; see scoped interaction/service evidence,Full permission/error/mutation and human-device acceptance not certified
Navigation and languages,/studio/navigation,Consistent existing navigation editor; admin gate retained,390px and 1440px body reflow observed in isolated owner QA; see scoped interaction/service evidence,Full permission/error/mutation and human-device acceptance not certified
Legacy decisions,/studio/legacy,Readable decision cards; existing dispositions retained,390px and 1440px body reflow observed in isolated owner QA; see scoped interaction/service evidence,Full permission/error/mutation and human-device acceptance not certified
Old links and publication,/studio/route-review,Consistent cards and existing destination evidence,390px and 1440px body reflow observed in isolated owner QA; see scoped interaction/service evidence,Full permission/error/mutation and human-device acceptance not certified
Activity and logs,/studio/activity,Shared tables and panels for history/export controls; no export or deletion,390px and 1440px body reflow observed in isolated owner QA; see scoped interaction/service evidence,Full permission/error/mutation and human-device acceptance not certified
Staff access,/studio/staff,Consistent staff rows and form surfaces; no credential or permission change,390px and 1440px body reflow observed in isolated owner QA; see scoped interaction/service evidence,Full permission/error/mutation and human-device acceptance not certified
Atelier settings,/studio/settings,Protected contact cards and service panels; public facts remain read-only,390px and 1440px body reflow observed in isolated owner QA; see scoped interaction/service evidence,Full permission/error/mutation and human-device acceptance not certified
