path,scope
AGENTS.md,Decision / acceptance evidence
docs/decisions/2026-10-05-indexing-next-release.md,Decision / acceptance evidence
docs/decisions/2026-10-05-release-final-acceptance.md,Decision / acceptance evidence
docs/redesign/CRAFT-C4-CHECKPOINT.md,Decision / acceptance evidence
docs/redesign/CRAFT-C6-CHECKPOINT.md,Decision / acceptance evidence
docs/redesign/CRAFT-CHECKPOINT.md,Decision / acceptance evidence
docs/redesign/FINAL-ACCEPTANCE-2026-10-05.md,Decision / acceptance evidence
docs/redesign/FINAL-ACCEPTANCE-PR-DRAFT.md,Decision / acceptance evidence
docs/redesign/SHARED-DATA-CONFIGURATION.md,Decision / acceptance evidence
docs/redesign/craft-c4-page-acceptance.csv,Decision / acceptance evidence
docs/redesign/craft-task-register.csv,Decision / acceptance evidence
docs/redesign/final-acceptance-evidence-2026-10-05.json,Decision / acceptance evidence
docs/redesign/final-acceptance-files.csv,Decision / acceptance evidence
docs/redesign/shared-database-recovery-2026-10-05.json,Decision / acceptance evidence
next.config.ts,Application / validation tooling
src/app/api/studio/content/route.ts,Application / validation tooling
src/app/globals.css,Application / validation tooling
src/app/robots.ts,Application / validation tooling
src/app/sitemap.ts,Application / validation tooling
src/components/shop/shop-frame.tsx,Application / validation tooling
src/lib/content-read-query.ts,Application / validation tooling
src/lib/public-indexing.ts,Application / validation tooling
src/lib/publication-read-query.ts,Application / validation tooling
src/lib/published-source.ts,Application / validation tooling
src/lib/saved-content-preview.tsx,Application / validation tooling
src/lib/site-metadata.ts,Application / validation tooling
tests/frontend-foundation.test.mjs,Application / validation tooling
tests/public-indexing.test.mjs,Application / validation tooling
tools/c6-acceptance/README.md,Application / validation tooling
tools/c6-acceptance/common.mjs,Application / validation tooling
tools/c6-acceptance/performance.mjs,Application / validation tooling
tools/c6-acceptance/serve.mjs,Application / validation tooling
tools/final-acceptance/indexing-contracts.mjs,Application / validation tooling
tools/final-acceptance/local-query-contracts.mjs,Application / validation tooling
tools/final-acceptance/local-sql-preload.mjs,Application / validation tooling
tools/final-acceptance/local-transport-check.mjs,Application / validation tooling
tools/final-acceptance/prepare-local-qa.mjs,Application / validation tooling
tools/final-acceptance/prepare-performance-fixture.mjs,Application / validation tooling
tools/final-acceptance/preview-frames.mjs,Application / validation tooling
tools/final-acceptance/production-read.mjs,Application / validation tooling
