repository,source,route,families,disposition,decision,reference
OLDWEBSITE,src/app/[locale]/(v2)/about/page.tsx,/[locale]/about,['W12'],preserved,"Current P1–P4 implementation retained. P6 does not replace existing content, design, business facts or publication contracts.",https://github.com/rivyalivingart2/OLDWEBSITE/blob/2dd6d5de34acf3f98e611eda2e1b858ebd0da8e6/src/app/%5Blocale%5D/%28v2%29/about/page.tsx
OLDWEBSITE,src/app/[locale]/(v2)/blog/(index)/page.tsx,/[locale]/blog,['W19'],preserved,"Current P1–P4 implementation retained. P6 does not replace existing content, design, business facts or publication contracts.",https://github.com/rivyalivingart2/OLDWEBSITE/blob/2dd6d5de34acf3f98e611eda2e1b858ebd0da8e6/src/app/%5Blocale%5D/%28v2%29/blog/%28index%29/page.tsx
OLDWEBSITE,src/app/[locale]/(v2)/blog/[slug]/page.tsx,/[locale]/blog/[slug],['W20'],adapted,Published journal articles remain governed. Unverified old article slugs return 404; no guessed equivalent.,https://github.com/rivyalivingart2/OLDWEBSITE/blob/2dd6d5de34acf3f98e611eda2e1b858ebd0da8e6/src/app/%5Blocale%5D/%28v2%29/blog/%5Bslug%5D/page.tsx
OLDWEBSITE,src/app/[locale]/(v2)/contact/page.tsx,/[locale]/contact,['W22'],preserved,"Current P1–P4 implementation retained. P6 does not replace existing content, design, business facts or publication contracts.",https://github.com/rivyalivingart2/OLDWEBSITE/blob/2dd6d5de34acf3f98e611eda2e1b858ebd0da8e6/src/app/%5Blocale%5D/%28v2%29/contact/page.tsx
OLDWEBSITE,src/app/[locale]/(v2)/custom-order/page.tsx,/[locale]/custom-order,"['W09', 'W10']",preserved,"Current P1–P4 implementation retained. P6 does not replace existing content, design, business facts or publication contracts.",https://github.com/rivyalivingart2/OLDWEBSITE/blob/2dd6d5de34acf3f98e611eda2e1b858ebd0da8e6/src/app/%5Blocale%5D/%28v2%29/custom-order/page.tsx
OLDWEBSITE,src/app/[locale]/(v2)/faq/page.tsx,/[locale]/faq,['W21'],preserved,"Current P1–P4 implementation retained. P6 does not replace existing content, design, business facts or publication contracts.",https://github.com/rivyalivingart2/OLDWEBSITE/blob/2dd6d5de34acf3f98e611eda2e1b858ebd0da8e6/src/app/%5Blocale%5D/%28v2%29/faq/page.tsx
OLDWEBSITE,src/app/[locale]/(v2)/large-resin-art/page.tsx,/[locale]/large-resin-art,"['W03', 'W15']",preserved,"Current P1–P4 implementation retained. P6 does not replace existing content, design, business facts or publication contracts.",https://github.com/rivyalivingart2/OLDWEBSITE/blob/2dd6d5de34acf3f98e611eda2e1b858ebd0da8e6/src/app/%5Blocale%5D/%28v2%29/large-resin-art/page.tsx
OLDWEBSITE,src/app/[locale]/(v2)/p/[slug]/page.tsx,/[locale]/p/[slug],['W35'],adapted,Governed /p pages stay in the current draft/publication contract. Unknown old identities return 404.,https://github.com/rivyalivingart2/OLDWEBSITE/blob/2dd6d5de34acf3f98e611eda2e1b858ebd0da8e6/src/app/%5Blocale%5D/%28v2%29/p/%5Bslug%5D/page.tsx
OLDWEBSITE,src/app/[locale]/(v2)/page.tsx,/[locale],['W02'],preserved,"Current P1–P4 implementation retained. P6 does not replace existing content, design, business facts or publication contracts.",https://github.com/rivyalivingart2/OLDWEBSITE/blob/2dd6d5de34acf3f98e611eda2e1b858ebd0da8e6/src/app/%5Blocale%5D/%28v2%29/page.tsx
OLDWEBSITE,src/app/[locale]/(v2)/portfolio/(index)/page.tsx,/[locale]/portfolio,['W17'],conditional,Index has an honest empty state. Only substantiated approved projects may appear.,https://github.com/rivyalivingart2/OLDWEBSITE/blob/2dd6d5de34acf3f98e611eda2e1b858ebd0da8e6/src/app/%5Blocale%5D/%28v2%29/portfolio/%28index%29/page.tsx
OLDWEBSITE,src/app/[locale]/(v2)/portfolio/[slug]/page.tsx,/[locale]/portfolio/[slug],['W18'],conditional,No approved real projects exist. Unknown detail identities return 404; no fictional portfolio transfer.,https://github.com/rivyalivingart2/OLDWEBSITE/blob/2dd6d5de34acf3f98e611eda2e1b858ebd0da8e6/src/app/%5Blocale%5D/%28v2%29/portfolio/%5Bslug%5D/page.tsx
OLDWEBSITE,src/app/[locale]/(v2)/privacy/page.tsx,/[locale]/privacy,['W25'],preserved,"Current P1–P4 implementation retained. P6 does not replace existing content, design, business facts or publication contracts.",https://github.com/rivyalivingart2/OLDWEBSITE/blob/2dd6d5de34acf3f98e611eda2e1b858ebd0da8e6/src/app/%5Blocale%5D/%28v2%29/privacy/page.tsx
OLDWEBSITE,src/app/[locale]/(v2)/process/page.tsx,/[locale]/process,['W13'],preserved,"Current P1–P4 implementation retained. P6 does not replace existing content, design, business facts or publication contracts.",https://github.com/rivyalivingart2/OLDWEBSITE/blob/2dd6d5de34acf3f98e611eda2e1b858ebd0da8e6/src/app/%5Blocale%5D/%28v2%29/process/page.tsx
OLDWEBSITE,src/app/[locale]/(v2)/product/[slug]/page.tsx,/[locale]/product/[slug],"['W07', 'W08']",protected; preserved,"Current published pieces retain IDs, facts and galleries. Unverified old product slugs return 404. Current P1–P4 implementation retained. P6 does not replace existing content, design, business facts or publication contracts.",https://github.com/rivyalivingart2/OLDWEBSITE/blob/2dd6d5de34acf3f98e611eda2e1b858ebd0da8e6/src/app/%5Blocale%5D/%28v2%29/product/%5Bslug%5D/page.tsx
OLDWEBSITE,src/app/[locale]/(v2)/search/page.tsx,/[locale]/search,['W06'],preserved,"Current P1–P4 implementation retained. P6 does not replace existing content, design, business facts or publication contracts.",https://github.com/rivyalivingart2/OLDWEBSITE/blob/2dd6d5de34acf3f98e611eda2e1b858ebd0da8e6/src/app/%5Blocale%5D/%28v2%29/search/page.tsx
OLDWEBSITE,src/app/[locale]/(v2)/shop/(index)/page.tsx,/[locale]/shop,"['W03', 'W06']",preserved,"Current P1–P4 implementation retained. P6 does not replace existing content, design, business facts or publication contracts.",https://github.com/rivyalivingart2/OLDWEBSITE/blob/2dd6d5de34acf3f98e611eda2e1b858ebd0da8e6/src/app/%5Blocale%5D/%28v2%29/shop/%28index%29/page.tsx
OLDWEBSITE,src/app/[locale]/(v2)/shop/[category]/page.tsx,/[locale]/shop/[category],"['W03', 'W06']",preserved,"Current P1–P4 implementation retained. P6 does not replace existing content, design, business facts or publication contracts.",https://github.com/rivyalivingart2/OLDWEBSITE/blob/2dd6d5de34acf3f98e611eda2e1b858ebd0da8e6/src/app/%5Blocale%5D/%28v2%29/shop/%5Bcategory%5D/page.tsx
OLDWEBSITE,src/app/[locale]/(v2)/shop/wishlist/page.tsx,/[locale]/shop/wishlist,['W34'],adapted,Current browser-local saved pieces are retained; old wishlist storage is not migrated.,https://github.com/rivyalivingart2/OLDWEBSITE/blob/2dd6d5de34acf3f98e611eda2e1b858ebd0da8e6/src/app/%5Blocale%5D/%28v2%29/shop/wishlist/page.tsx
OLDWEBSITE,src/app/[locale]/(v2)/terms/page.tsx,/[locale]/terms,['W26'],preserved,"Current P1–P4 implementation retained. P6 does not replace existing content, design, business facts or publication contracts.",https://github.com/rivyalivingart2/OLDWEBSITE/blob/2dd6d5de34acf3f98e611eda2e1b858ebd0da8e6/src/app/%5Blocale%5D/%28v2%29/terms/page.tsx
OLDWEBSITE,src/app/[locale]/(v2)/whatsapp-order/page.tsx,/[locale]/whatsapp-order,['W11'],preserved,"Current P1–P4 implementation retained. P6 does not replace existing content, design, business facts or publication contracts.",https://github.com/rivyalivingart2/OLDWEBSITE/blob/2dd6d5de34acf3f98e611eda2e1b858ebd0da8e6/src/app/%5Blocale%5D/%28v2%29/whatsapp-order/page.tsx
OLDWEBSITE,src/app/[locale]/(v2)/workshops/page.tsx,/[locale]/workshops,['W31'],conditional,"Old workshops addresses explain retirement; dates, seats and booking require a genuine current offering.",https://github.com/rivyalivingart2/OLDWEBSITE/blob/2dd6d5de34acf3f98e611eda2e1b858ebd0da8e6/src/app/%5Blocale%5D/%28v2%29/workshops/page.tsx
OLDWEBSITE,src/app/[locale]/gone/page.tsx,/[locale]/gone,['W36'],preserved,"Current P1–P4 implementation retained. P6 does not replace existing content, design, business facts or publication contracts.",https://github.com/rivyalivingart2/OLDWEBSITE/blob/2dd6d5de34acf3f98e611eda2e1b858ebd0da8e6/src/app/%5Blocale%5D/gone/page.tsx
OLDWEBSITE,src/app/[locale]/maintenance/page.tsx,/[locale]/maintenance,['W36'],preserved,"Current P1–P4 implementation retained. P6 does not replace existing content, design, business facts or publication contracts.",https://github.com/rivyalivingart2/OLDWEBSITE/blob/2dd6d5de34acf3f98e611eda2e1b858ebd0da8e6/src/app/%5Blocale%5D/maintenance/page.tsx
OLDWEBSITE,src/app/[locale]/too-many-requests/page.tsx,/[locale]/too-many-requests,['W36'],preserved,"Current P1–P4 implementation retained. P6 does not replace existing content, design, business facts or publication contracts.",https://github.com/rivyalivingart2/OLDWEBSITE/blob/2dd6d5de34acf3f98e611eda2e1b858ebd0da8e6/src/app/%5Blocale%5D/too-many-requests/page.tsx
OLDWEBSITE,src/app/design-lab/page.tsx,/design-lab,"['W30', 'S42']",preserved,"Current P1–P4 implementation retained. P6 does not replace existing content, design, business facts or publication contracts. Authenticated preview/state pages keep current environment guards and shared presentation. QA intake/retry/indexing paused; no production publication.",https://github.com/rivyalivingart2/OLDWEBSITE/blob/2dd6d5de34acf3f98e611eda2e1b858ebd0da8e6/src/app/design-lab/page.tsx
OLDWEBSITE,src/app/studio/(dashboard)/activity/page.tsx,/studio/activity,['S25'],preserved,"Known record links, explicit current revision, compare/restore and conflict-preserving recovery. Restore creates a draft; history is never replaced.",https://github.com/rivyalivingart2/OLDWEBSITE/blob/2dd6d5de34acf3f98e611eda2e1b858ebd0da8e6/src/app/studio/%28dashboard%29/activity/page.tsx
OLDWEBSITE,src/app/studio/(dashboard)/analytics/page.tsx,/studio/analytics,['S28'],conditional,"Operational workload counts exist. Anonymous funnel instrumentation is unavailable, not zero; no permitted event source established. Scraper excluded.",https://github.com/rivyalivingart2/OLDWEBSITE/blob/2dd6d5de34acf3f98e611eda2e1b858ebd0da8e6/src/app/studio/%28dashboard%29/analytics/page.tsx
OLDWEBSITE,src/app/studio/(dashboard)/blog/[id]/page.tsx,/studio/blog/[id],['S14'],preserved,"Journal/content records share focused editor, direct recent links and comparison. No new unreviewed articles published.",https://github.com/rivyalivingart2/OLDWEBSITE/blob/2dd6d5de34acf3f98e611eda2e1b858ebd0da8e6/src/app/studio/%28dashboard%29/blog/%5Bid%5D/page.tsx
OLDWEBSITE,src/app/studio/(dashboard)/blog/new/page.tsx,/studio/blog/new,['S14'],preserved,"Journal/content records share focused editor, direct recent links and comparison. No new unreviewed articles published.",https://github.com/rivyalivingart2/OLDWEBSITE/blob/2dd6d5de34acf3f98e611eda2e1b858ebd0da8e6/src/app/studio/%28dashboard%29/blog/new/page.tsx
OLDWEBSITE,src/app/studio/(dashboard)/blog/page.tsx,/studio/blog,['S14'],preserved,"Journal/content records share focused editor, direct recent links and comparison. No new unreviewed articles published.",https://github.com/rivyalivingart2/OLDWEBSITE/blob/2dd6d5de34acf3f98e611eda2e1b858ebd0da8e6/src/app/studio/%28dashboard%29/blog/page.tsx
OLDWEBSITE,src/app/studio/(dashboard)/catalog-fill/conflicts/page.tsx,/studio/catalog-fill/conflicts,['S39'],excluded,"Owner excludes all scraper work and old-product transfer. Existing code, configuration and operating state remain untouched.",https://github.com/rivyalivingart2/OLDWEBSITE/blob/2dd6d5de34acf3f98e611eda2e1b858ebd0da8e6/src/app/studio/%28dashboard%29/catalog-fill/conflicts/page.tsx
OLDWEBSITE,src/app/studio/(dashboard)/catalog-fill/page.tsx,/studio/catalog-fill,['S39'],excluded,"Owner excludes all scraper work and old-product transfer. Existing code, configuration and operating state remain untouched.",https://github.com/rivyalivingart2/OLDWEBSITE/blob/2dd6d5de34acf3f98e611eda2e1b858ebd0da8e6/src/app/studio/%28dashboard%29/catalog-fill/page.tsx
OLDWEBSITE,src/app/studio/(dashboard)/categories/page.tsx,/studio/categories,['S20'],adapted,"Read-only exact category keys, published counts, related records, normalized-label conflicts and collection-level aliases.",https://github.com/rivyalivingart2/OLDWEBSITE/blob/2dd6d5de34acf3f98e611eda2e1b858ebd0da8e6/src/app/studio/%28dashboard%29/categories/page.tsx
OLDWEBSITE,src/app/studio/(dashboard)/content-gaps/page.tsx,/studio/content-gaps,['S19'],preserved,"Common readiness reader, exact repair links, URL filter entry and retained results on error. Readiness never implies unsaved work is approved.",https://github.com/rivyalivingart2/OLDWEBSITE/blob/2dd6d5de34acf3f98e611eda2e1b858ebd0da8e6/src/app/studio/%28dashboard%29/content-gaps/page.tsx
OLDWEBSITE,src/app/studio/(dashboard)/content-health/page.tsx,/studio/content-health,['S19'],preserved,"Common readiness reader, exact repair links, URL filter entry and retained results on error. Readiness never implies unsaved work is approved.",https://github.com/rivyalivingart2/OLDWEBSITE/blob/2dd6d5de34acf3f98e611eda2e1b858ebd0da8e6/src/app/studio/%28dashboard%29/content-health/page.tsx
OLDWEBSITE,src/app/studio/(dashboard)/content-lab/page.tsx,/studio/content-lab,['S37'],internal,"Content lab purpose is served by current drafts and authenticated exact previews, not a new generator.",https://github.com/rivyalivingart2/OLDWEBSITE/blob/2dd6d5de34acf3f98e611eda2e1b858ebd0da8e6/src/app/studio/%28dashboard%29/content-lab/page.tsx
OLDWEBSITE,src/app/studio/(dashboard)/custom-pages/[id]/page.tsx,/studio/custom-pages/[id],['S12'],preserved,"P2/P4 section editors plus identity/version/state, recovery and native record-switch dialog. Saved exact previews and explicit publication retained.",https://github.com/rivyalivingart2/OLDWEBSITE/blob/2dd6d5de34acf3f98e611eda2e1b858ebd0da8e6/src/app/studio/%28dashboard%29/custom-pages/%5Bid%5D/page.tsx
OLDWEBSITE,src/app/studio/(dashboard)/custom-pages/new/page.tsx,/studio/custom-pages/new,['S12'],preserved,"P2/P4 section editors plus identity/version/state, recovery and native record-switch dialog. Saved exact previews and explicit publication retained.",https://github.com/rivyalivingart2/OLDWEBSITE/blob/2dd6d5de34acf3f98e611eda2e1b858ebd0da8e6/src/app/studio/%28dashboard%29/custom-pages/new/page.tsx
OLDWEBSITE,src/app/studio/(dashboard)/custom-pages/page.tsx,/studio/custom-pages,['S12'],preserved,"P2/P4 section editors plus identity/version/state, recovery and native record-switch dialog. Saved exact previews and explicit publication retained.",https://github.com/rivyalivingart2/OLDWEBSITE/blob/2dd6d5de34acf3f98e611eda2e1b858ebd0da8e6/src/app/studio/%28dashboard%29/custom-pages/page.tsx
OLDWEBSITE,src/app/studio/(dashboard)/exports/page.tsx,/studio/exports,['S22'],adapted,"Editorial translation JSON dry run, protected-field validation and before/after review into unsaved drafts. Existing exports unchanged; catalogue imports excluded.",https://github.com/rivyalivingart2/OLDWEBSITE/blob/2dd6d5de34acf3f98e611eda2e1b858ebd0da8e6/src/app/studio/%28dashboard%29/exports/page.tsx
OLDWEBSITE,src/app/studio/(dashboard)/faqs/page.tsx,/studio/faqs,['S31'],preserved,FAQ uses P4 typed section/question editor with common state and recovery. Business answers require factual review.,https://github.com/rivyalivingart2/OLDWEBSITE/blob/2dd6d5de34acf3f98e611eda2e1b858ebd0da8e6/src/app/studio/%28dashboard%29/faqs/page.tsx
OLDWEBSITE,src/app/studio/(dashboard)/forms/page.tsx,/studio/forms,['S11'],preserved,Actual public customization controls used for Studio preview; comparison remains available. Preview controls cannot validate/submit the product editor; current schemas unchanged.,https://github.com/rivyalivingart2/OLDWEBSITE/blob/2dd6d5de34acf3f98e611eda2e1b858ebd0da8e6/src/app/studio/%28dashboard%29/forms/page.tsx
OLDWEBSITE,src/app/studio/(dashboard)/import/page.tsx,/studio/import,['S22'],adapted,"Editorial translation JSON dry run, protected-field validation and before/after review into unsaved drafts. Existing exports unchanged; catalogue imports excluded.",https://github.com/rivyalivingart2/OLDWEBSITE/blob/2dd6d5de34acf3f98e611eda2e1b858ebd0da8e6/src/app/studio/%28dashboard%29/import/page.tsx
OLDWEBSITE,src/app/studio/(dashboard)/inquiries/[id]/page.tsx,/studio/inquiries/[id],"['S03', 'S05']",preserved,"All inquiry filters/sort/page/view/record in URL; chips; 50-row paging; retained rows and return focus. No persistent named-view database added. Grouped saved brief, references, task, notes, amendments and exact history. Original answers/messages preserved; private references remain authorized.",https://github.com/rivyalivingart2/OLDWEBSITE/blob/2dd6d5de34acf3f98e611eda2e1b858ebd0da8e6/src/app/studio/%28dashboard%29/inquiries/%5Bid%5D/page.tsx
OLDWEBSITE,src/app/studio/(dashboard)/inquiries/page.tsx,/studio/inquiries,"['S03', 'S05']",preserved,"All inquiry filters/sort/page/view/record in URL; chips; 50-row paging; retained rows and return focus. No persistent named-view database added. Grouped saved brief, references, task, notes, amendments and exact history. Original answers/messages preserved; private references remain authorized.",https://github.com/rivyalivingart2/OLDWEBSITE/blob/2dd6d5de34acf3f98e611eda2e1b858ebd0da8e6/src/app/studio/%28dashboard%29/inquiries/page.tsx
OLDWEBSITE,src/app/studio/(dashboard)/materials/page.tsx,/studio/materials,['S33'],preserved,Materials/care chapters retain structured content and source review controls. No unsupported material guarantees.,https://github.com/rivyalivingart2/OLDWEBSITE/blob/2dd6d5de34acf3f98e611eda2e1b858ebd0da8e6/src/app/studio/%28dashboard%29/materials/page.tsx
OLDWEBSITE,src/app/studio/(dashboard)/media/page.tsx,/studio/media,['S15'],preserved,"Media identity/version/state, initial retry, current-draft revision comparison and provenance remain visible. Existing public media unchanged.",https://github.com/rivyalivingart2/OLDWEBSITE/blob/2dd6d5de34acf3f98e611eda2e1b858ebd0da8e6/src/app/studio/%28dashboard%29/media/page.tsx
OLDWEBSITE,src/app/studio/(dashboard)/navigation/page.tsx,/studio/navigation,['S17'],adapted,Existing navigation editor plus source-bound translation review and stale fallback; no destination or contact rewrites.,https://github.com/rivyalivingart2/OLDWEBSITE/blob/2dd6d5de34acf3f98e611eda2e1b858ebd0da8e6/src/app/studio/%28dashboard%29/navigation/page.tsx
OLDWEBSITE,src/app/studio/(dashboard)/page.tsx,/studio,['S02'],preserved,Grouped shell/finder; real task queue; recent editorial records; saved publication checks. Current 13 registered destinations; no invented counts.,https://github.com/rivyalivingart2/OLDWEBSITE/blob/2dd6d5de34acf3f98e611eda2e1b858ebd0da8e6/src/app/studio/%28dashboard%29/page.tsx
OLDWEBSITE,src/app/studio/(dashboard)/pages/[id]/page.tsx,/studio/pages/[id],['S12'],preserved,"P2/P4 section editors plus identity/version/state, recovery and native record-switch dialog. Saved exact previews and explicit publication retained.",https://github.com/rivyalivingart2/OLDWEBSITE/blob/2dd6d5de34acf3f98e611eda2e1b858ebd0da8e6/src/app/studio/%28dashboard%29/pages/%5Bid%5D/page.tsx
OLDWEBSITE,src/app/studio/(dashboard)/pages/page.tsx,/studio/pages,['S12'],preserved,"P2/P4 section editors plus identity/version/state, recovery and native record-switch dialog. Saved exact previews and explicit publication retained.",https://github.com/rivyalivingart2/OLDWEBSITE/blob/2dd6d5de34acf3f98e611eda2e1b858ebd0da8e6/src/app/studio/%28dashboard%29/pages/page.tsx
OLDWEBSITE,src/app/studio/(dashboard)/portfolio/[id]/page.tsx,/studio/portfolio/[id],"['S21', 'S35']",conditional,"Genuine projects/testimonials require facts, consent and actual media. No false editor or invented content activated. No genuine project facts/media permissions supplied. Dedicated project editor remains conditional; existing governed page composition retained.",https://github.com/rivyalivingart2/OLDWEBSITE/blob/2dd6d5de34acf3f98e611eda2e1b858ebd0da8e6/src/app/studio/%28dashboard%29/portfolio/%5Bid%5D/page.tsx
OLDWEBSITE,src/app/studio/(dashboard)/portfolio/new/page.tsx,/studio/portfolio/new,"['S21', 'S35']",conditional,"Genuine projects/testimonials require facts, consent and actual media. No false editor or invented content activated. No genuine project facts/media permissions supplied. Dedicated project editor remains conditional; existing governed page composition retained.",https://github.com/rivyalivingart2/OLDWEBSITE/blob/2dd6d5de34acf3f98e611eda2e1b858ebd0da8e6/src/app/studio/%28dashboard%29/portfolio/new/page.tsx
OLDWEBSITE,src/app/studio/(dashboard)/portfolio/page.tsx,/studio/portfolio,"['S21', 'S35']",conditional,"Genuine projects/testimonials require facts, consent and actual media. No false editor or invented content activated. No genuine project facts/media permissions supplied. Dedicated project editor remains conditional; existing governed page composition retained.",https://github.com/rivyalivingart2/OLDWEBSITE/blob/2dd6d5de34acf3f98e611eda2e1b858ebd0da8e6/src/app/studio/%28dashboard%29/portfolio/page.tsx
OLDWEBSITE,src/app/studio/(dashboard)/process/page.tsx,/studio/process,['S32'],preserved,"Process chapters retain P4 typed sections, source notes and preview within shared Studio. No unreviewed process promises or video added.",https://github.com/rivyalivingart2/OLDWEBSITE/blob/2dd6d5de34acf3f98e611eda2e1b858ebd0da8e6/src/app/studio/%28dashboard%29/process/page.tsx
OLDWEBSITE,src/app/studio/(dashboard)/products/[id]/page.tsx,/studio/products/[id],"['S08', 'S09']",preserved; conditional,"Protected default catalogue review, publication filter, record state and explicit existing-edit opt-in. No existing product data changed. Existing new-product UI retained; supported new-ID media associations remain an explicitly deferred dependency. No product creation or transfer.",https://github.com/rivyalivingart2/OLDWEBSITE/blob/2dd6d5de34acf3f98e611eda2e1b858ebd0da8e6/src/app/studio/%28dashboard%29/products/%5Bid%5D/page.tsx
OLDWEBSITE,src/app/studio/(dashboard)/products/new/page.tsx,/studio/products/new,['S09'],conditional,Existing new-product UI retained; supported new-ID media associations remain an explicitly deferred dependency. No product creation or transfer.,https://github.com/rivyalivingart2/OLDWEBSITE/blob/2dd6d5de34acf3f98e611eda2e1b858ebd0da8e6/src/app/studio/%28dashboard%29/products/new/page.tsx
OLDWEBSITE,src/app/studio/(dashboard)/products/page.tsx,/studio/products,"['S08', 'S09']",preserved; conditional,"Protected default catalogue review, publication filter, record state and explicit existing-edit opt-in. No existing product data changed. Existing new-product UI retained; supported new-ID media associations remain an explicitly deferred dependency. No product creation or transfer.",https://github.com/rivyalivingart2/OLDWEBSITE/blob/2dd6d5de34acf3f98e611eda2e1b858ebd0da8e6/src/app/studio/%28dashboard%29/products/page.tsx
OLDWEBSITE,src/app/studio/(dashboard)/research/page.tsx,/studio/research,['S38'],internal,"Manual Drive inventory, asset review and provenance remain the reference workflow; no automatic collection.",https://github.com/rivyalivingart2/OLDWEBSITE/blob/2dd6d5de34acf3f98e611eda2e1b858ebd0da8e6/src/app/studio/%28dashboard%29/research/page.tsx
OLDWEBSITE,src/app/studio/(dashboard)/scraper/analytics/page.tsx,/studio/scraper/analytics,['S39'],excluded,"Owner excludes all scraper work and old-product transfer. Existing code, configuration and operating state remain untouched.",https://github.com/rivyalivingart2/OLDWEBSITE/blob/2dd6d5de34acf3f98e611eda2e1b858ebd0da8e6/src/app/studio/%28dashboard%29/scraper/analytics/page.tsx
OLDWEBSITE,src/app/studio/(dashboard)/scraper/confirmed/page.tsx,/studio/scraper/confirmed,['S39'],excluded,"Owner excludes all scraper work and old-product transfer. Existing code, configuration and operating state remain untouched.",https://github.com/rivyalivingart2/OLDWEBSITE/blob/2dd6d5de34acf3f98e611eda2e1b858ebd0da8e6/src/app/studio/%28dashboard%29/scraper/confirmed/page.tsx
OLDWEBSITE,src/app/studio/(dashboard)/scraper/explorer/page.tsx,/studio/scraper/explorer,['S39'],excluded,"Owner excludes all scraper work and old-product transfer. Existing code, configuration and operating state remain untouched.",https://github.com/rivyalivingart2/OLDWEBSITE/blob/2dd6d5de34acf3f98e611eda2e1b858ebd0da8e6/src/app/studio/%28dashboard%29/scraper/explorer/page.tsx
OLDWEBSITE,src/app/studio/(dashboard)/scraper/large-format/page.tsx,/studio/scraper/large-format,['S39'],excluded,"Owner excludes all scraper work and old-product transfer. Existing code, configuration and operating state remain untouched.",https://github.com/rivyalivingart2/OLDWEBSITE/blob/2dd6d5de34acf3f98e611eda2e1b858ebd0da8e6/src/app/studio/%28dashboard%29/scraper/large-format/page.tsx
OLDWEBSITE,src/app/studio/(dashboard)/scraper/mapping/page.tsx,/studio/scraper/mapping,['S39'],excluded,"Owner excludes all scraper work and old-product transfer. Existing code, configuration and operating state remain untouched.",https://github.com/rivyalivingart2/OLDWEBSITE/blob/2dd6d5de34acf3f98e611eda2e1b858ebd0da8e6/src/app/studio/%28dashboard%29/scraper/mapping/page.tsx
OLDWEBSITE,src/app/studio/(dashboard)/scraper/page.tsx,/studio/scraper,['S39'],excluded,"Owner excludes all scraper work and old-product transfer. Existing code, configuration and operating state remain untouched.",https://github.com/rivyalivingart2/OLDWEBSITE/blob/2dd6d5de34acf3f98e611eda2e1b858ebd0da8e6/src/app/studio/%28dashboard%29/scraper/page.tsx
OLDWEBSITE,src/app/studio/(dashboard)/scraper/quality/page.tsx,/studio/scraper/quality,['S39'],excluded,"Owner excludes all scraper work and old-product transfer. Existing code, configuration and operating state remain untouched.",https://github.com/rivyalivingart2/OLDWEBSITE/blob/2dd6d5de34acf3f98e611eda2e1b858ebd0da8e6/src/app/studio/%28dashboard%29/scraper/quality/page.tsx
OLDWEBSITE,src/app/studio/(dashboard)/scraper/review/page.tsx,/studio/scraper/review,['S39'],excluded,"Owner excludes all scraper work and old-product transfer. Existing code, configuration and operating state remain untouched.",https://github.com/rivyalivingart2/OLDWEBSITE/blob/2dd6d5de34acf3f98e611eda2e1b858ebd0da8e6/src/app/studio/%28dashboard%29/scraper/review/page.tsx
OLDWEBSITE,src/app/studio/(dashboard)/scraper/runs/page.tsx,/studio/scraper/runs,['S39'],excluded,"Owner excludes all scraper work and old-product transfer. Existing code, configuration and operating state remain untouched.",https://github.com/rivyalivingart2/OLDWEBSITE/blob/2dd6d5de34acf3f98e611eda2e1b858ebd0da8e6/src/app/studio/%28dashboard%29/scraper/runs/page.tsx
OLDWEBSITE,src/app/studio/(dashboard)/scraper/sources/[key]/page.tsx,/studio/scraper/sources/[key],['S39'],excluded,"Owner excludes all scraper work and old-product transfer. Existing code, configuration and operating state remain untouched.",https://github.com/rivyalivingart2/OLDWEBSITE/blob/2dd6d5de34acf3f98e611eda2e1b858ebd0da8e6/src/app/studio/%28dashboard%29/scraper/sources/%5Bkey%5D/page.tsx
OLDWEBSITE,src/app/studio/(dashboard)/scraper/sources/page.tsx,/studio/scraper/sources,['S39'],excluded,"Owner excludes all scraper work and old-product transfer. Existing code, configuration and operating state remain untouched.",https://github.com/rivyalivingart2/OLDWEBSITE/blob/2dd6d5de34acf3f98e611eda2e1b858ebd0da8e6/src/app/studio/%28dashboard%29/scraper/sources/page.tsx
OLDWEBSITE,src/app/studio/(dashboard)/sections/page.tsx,/studio/sections,['S12'],preserved,"P2/P4 section editors plus identity/version/state, recovery and native record-switch dialog. Saved exact previews and explicit publication retained.",https://github.com/rivyalivingart2/OLDWEBSITE/blob/2dd6d5de34acf3f98e611eda2e1b858ebd0da8e6/src/app/studio/%28dashboard%29/sections/page.tsx
OLDWEBSITE,src/app/studio/(dashboard)/seo/page.tsx,/studio/seo,['S26'],adapted,Reviewed redirect registry and read-only canonical/indexing diagnostics; indexing held and locale SEO migration not selected.,https://github.com/rivyalivingart2/OLDWEBSITE/blob/2dd6d5de34acf3f98e611eda2e1b858ebd0da8e6/src/app/studio/%28dashboard%29/seo/page.tsx
OLDWEBSITE,src/app/studio/(dashboard)/settings/page.tsx,/studio/settings,"['S24', 'S27']",preserved,"Read-only canonical contact values, copy feedback and exact public/audit reference links. Phone/email/map/WhatsApp facts unchanged. Existing privacy/retention/recovery controls retained. Service execution/physical-device audit remains P7; P6 runs no cleanup or backup.",https://github.com/rivyalivingart2/OLDWEBSITE/blob/2dd6d5de34acf3f98e611eda2e1b858ebd0da8e6/src/app/studio/%28dashboard%29/settings/page.tsx
OLDWEBSITE,src/app/studio/(dashboard)/site-copy/page.tsx,/studio/site-copy,['S13'],preserved,"Typed global/policy editors use common state, sections and recovery. No factual legal/business copy invented.",https://github.com/rivyalivingart2/OLDWEBSITE/blob/2dd6d5de34acf3f98e611eda2e1b858ebd0da8e6/src/app/studio/%28dashboard%29/site-copy/page.tsx
OLDWEBSITE,src/app/studio/(dashboard)/site-images/page.tsx,/studio/site-images,['S16'],preserved,P3 assignment/crop workspace retained under the common shell. No new asset assignment required for this operational phase.,https://github.com/rivyalivingart2/OLDWEBSITE/blob/2dd6d5de34acf3f98e611eda2e1b858ebd0da8e6/src/app/studio/%28dashboard%29/site-images/page.tsx
OLDWEBSITE,src/app/studio/(dashboard)/subscribers/page.tsx,/studio/subscribers,['S36'],retired,"No subscriber import, list, campaign or new subscription service activated.",https://github.com/rivyalivingart2/OLDWEBSITE/blob/2dd6d5de34acf3f98e611eda2e1b858ebd0da8e6/src/app/studio/%28dashboard%29/subscribers/page.tsx
OLDWEBSITE,src/app/studio/(dashboard)/testimonials/[id]/page.tsx,/studio/testimonials/[id],['S34'],conditional,"No authentic testimonial wording, attribution and consent supplied. Publication remains unavailable.",https://github.com/rivyalivingart2/OLDWEBSITE/blob/2dd6d5de34acf3f98e611eda2e1b858ebd0da8e6/src/app/studio/%28dashboard%29/testimonials/%5Bid%5D/page.tsx
OLDWEBSITE,src/app/studio/(dashboard)/testimonials/new/page.tsx,/studio/testimonials/new,['S34'],conditional,"No authentic testimonial wording, attribution and consent supplied. Publication remains unavailable.",https://github.com/rivyalivingart2/OLDWEBSITE/blob/2dd6d5de34acf3f98e611eda2e1b858ebd0da8e6/src/app/studio/%28dashboard%29/testimonials/new/page.tsx
OLDWEBSITE,src/app/studio/(dashboard)/testimonials/page.tsx,/studio/testimonials,['S34'],conditional,"No authentic testimonial wording, attribution and consent supplied. Publication remains unavailable.",https://github.com/rivyalivingart2/OLDWEBSITE/blob/2dd6d5de34acf3f98e611eda2e1b858ebd0da8e6/src/app/studio/%28dashboard%29/testimonials/page.tsx
OLDWEBSITE,src/app/studio/(dashboard)/users/page.tsx,/studio/users,['S23'],preserved,Review exact role/active/session effects; stale versions and revocation handled by current service. Temporary isolated accounts disabled; audits retained.,https://github.com/rivyalivingart2/OLDWEBSITE/blob/2dd6d5de34acf3f98e611eda2e1b858ebd0da8e6/src/app/studio/%28dashboard%29/users/page.tsx
OLDWEBSITE,src/app/studio/forgot-password/page.tsx,/studio/forgot-password,['S40'],preserved,"Current sign-in help, renewal, staff session revocation and protected signup destinations. No public signup, new reset provider or credential change.",https://github.com/rivyalivingart2/OLDWEBSITE/blob/2dd6d5de34acf3f98e611eda2e1b858ebd0da8e6/src/app/studio/forgot-password/page.tsx
OLDWEBSITE,src/app/studio/inquiries/[id]/card/page.tsx,/studio/inquiries/[id]/card,['S43'],preserved,Ink-friendly authorized saved brief plus task metadata; no private images or edit controls. Request summary is not an invoice; only user-triggered print.,https://github.com/rivyalivingart2/OLDWEBSITE/blob/2dd6d5de34acf3f98e611eda2e1b858ebd0da8e6/src/app/studio/inquiries/%5Bid%5D/card/page.tsx
OLDWEBSITE,src/app/studio/login/page.tsx,/studio/login,['S01'],preserved,"Existing sign-in/session provider, recovery link and retained draft on 401. No registration or new credential architecture.",https://github.com/rivyalivingart2/OLDWEBSITE/blob/2dd6d5de34acf3f98e611eda2e1b858ebd0da8e6/src/app/studio/login/page.tsx
OLDWEBSITE,src/app/studio/reset-password/page.tsx,/studio/reset-password,['S40'],preserved,"Current sign-in help, renewal, staff session revocation and protected signup destinations. No public signup, new reset provider or credential change.",https://github.com/rivyalivingart2/OLDWEBSITE/blob/2dd6d5de34acf3f98e611eda2e1b858ebd0da8e6/src/app/studio/reset-password/page.tsx
OLDWEBSITE,src/app/studio/signup/page.tsx,/studio/signup,['S40'],preserved,"Current sign-in help, renewal, staff session revocation and protected signup destinations. No public signup, new reset provider or credential change.",https://github.com/rivyalivingart2/OLDWEBSITE/blob/2dd6d5de34acf3f98e611eda2e1b858ebd0da8e6/src/app/studio/signup/page.tsx
RivyaLivingArt2.0,experiments/sites/rivyalivingart-studio-preview/app/[...path]/page.tsx,/[...path],"['W30', 'S42']",preserved,"Current P1–P4 implementation retained. P6 does not replace existing content, design, business facts or publication contracts. Authenticated preview/state pages keep current environment guards and shared presentation. QA intake/retry/indexing paused; no production publication.",https://github.com/rivyalivingart2/RivyaLivingArt2.0/blob/7569bbf720e73c5fee0117618a702b297af116de/experiments/sites/rivyalivingart-studio-preview/app/%5B...path%5D/page.tsx
RivyaLivingArt2.0,experiments/sites/rivyalivingart-studio-preview/app/[section]/page.tsx,/[section],"['W30', 'S42']",preserved,"Current P1–P4 implementation retained. P6 does not replace existing content, design, business facts or publication contracts. Authenticated preview/state pages keep current environment guards and shared presentation. QA intake/retry/indexing paused; no production publication.",https://github.com/rivyalivingart2/RivyaLivingArt2.0/blob/7569bbf720e73c5fee0117618a702b297af116de/experiments/sites/rivyalivingart-studio-preview/app/%5Bsection%5D/page.tsx
RivyaLivingArt2.0,experiments/sites/rivyalivingart-studio-preview/app/collectible-design/page.tsx,/collectible-design,"['W30', 'S42']",preserved,"Current P1–P4 implementation retained. P6 does not replace existing content, design, business facts or publication contracts. Authenticated preview/state pages keep current environment guards and shared presentation. QA intake/retry/indexing paused; no production publication.",https://github.com/rivyalivingart2/RivyaLivingArt2.0/blob/7569bbf720e73c5fee0117618a702b297af116de/experiments/sites/rivyalivingart-studio-preview/app/collectible-design/page.tsx
RivyaLivingArt2.0,experiments/sites/rivyalivingart-studio-preview/app/page.tsx,/,"['W30', 'S42']",preserved,"Current P1–P4 implementation retained. P6 does not replace existing content, design, business facts or publication contracts. Authenticated preview/state pages keep current environment guards and shared presentation. QA intake/retry/indexing paused; no production publication.",https://github.com/rivyalivingart2/RivyaLivingArt2.0/blob/7569bbf720e73c5fee0117618a702b297af116de/experiments/sites/rivyalivingart-studio-preview/app/page.tsx
RivyaLivingArt2.0,experiments/sites/rivyalivingart-studio-preview/app/pieces/[slug]/page.tsx,/pieces/[slug],"['W30', 'S42']",preserved,"Current P1–P4 implementation retained. P6 does not replace existing content, design, business facts or publication contracts. Authenticated preview/state pages keep current environment guards and shared presentation. QA intake/retry/indexing paused; no production publication.",https://github.com/rivyalivingart2/RivyaLivingArt2.0/blob/7569bbf720e73c5fee0117618a702b297af116de/experiments/sites/rivyalivingart-studio-preview/app/pieces/%5Bslug%5D/page.tsx
RivyaLivingArt2.0,src/app/[collection]/page.tsx,/[collection],"['W03', 'W05']",preserved,"Current P1–P4 implementation retained. P6 does not replace existing content, design, business facts or publication contracts.",https://github.com/rivyalivingart2/RivyaLivingArt2.0/blob/7569bbf720e73c5fee0117618a702b297af116de/src/app/%5Bcollection%5D/page.tsx
RivyaLivingArt2.0,src/app/about/page.tsx,/about,['W12'],preserved,"Current P1–P4 implementation retained. P6 does not replace existing content, design, business facts or publication contracts.",https://github.com/rivyalivingart2/RivyaLivingArt2.0/blob/7569bbf720e73c5fee0117618a702b297af116de/src/app/about/page.tsx
RivyaLivingArt2.0,src/app/accessibility/page.tsx,/accessibility,['W28'],preserved,"Current P1–P4 implementation retained. P6 does not replace existing content, design, business facts or publication contracts.",https://github.com/rivyalivingart2/RivyaLivingArt2.0/blob/7569bbf720e73c5fee0117618a702b297af116de/src/app/accessibility/page.tsx
RivyaLivingArt2.0,src/app/architects/page.tsx,/architects,['W15'],preserved,"Current P1–P4 implementation retained. P6 does not replace existing content, design, business facts or publication contracts.",https://github.com/rivyalivingart2/RivyaLivingArt2.0/blob/7569bbf720e73c5fee0117618a702b297af116de/src/app/architects/page.tsx
RivyaLivingArt2.0,src/app/care/page.tsx,/care,['W14'],preserved,"Current P1–P4 implementation retained. P6 does not replace existing content, design, business facts or publication contracts.",https://github.com/rivyalivingart2/RivyaLivingArt2.0/blob/7569bbf720e73c5fee0117618a702b297af116de/src/app/care/page.tsx
RivyaLivingArt2.0,src/app/commission/customize/page.tsx,/commission/customize,['W10'],preserved,"Current P1–P4 implementation retained. P6 does not replace existing content, design, business facts or publication contracts.",https://github.com/rivyalivingart2/RivyaLivingArt2.0/blob/7569bbf720e73c5fee0117618a702b297af116de/src/app/commission/customize/page.tsx
RivyaLivingArt2.0,src/app/commission/page.tsx,/commission,['W09'],preserved,"Current P1–P4 implementation retained. P6 does not replace existing content, design, business facts or publication contracts.",https://github.com/rivyalivingart2/RivyaLivingArt2.0/blob/7569bbf720e73c5fee0117618a702b297af116de/src/app/commission/page.tsx
RivyaLivingArt2.0,src/app/contact/page.tsx,/contact,['W22'],preserved,"Current P1–P4 implementation retained. P6 does not replace existing content, design, business facts or publication contracts.",https://github.com/rivyalivingart2/RivyaLivingArt2.0/blob/7569bbf720e73c5fee0117618a702b297af116de/src/app/contact/page.tsx
RivyaLivingArt2.0,src/app/faq/page.tsx,/faq,['W21'],preserved,"Current P1–P4 implementation retained. P6 does not replace existing content, design, business facts or publication contracts.",https://github.com/rivyalivingart2/RivyaLivingArt2.0/blob/7569bbf720e73c5fee0117618a702b297af116de/src/app/faq/page.tsx
RivyaLivingArt2.0,src/app/imprint/page.tsx,/imprint,['W27'],preserved,"Current P1–P4 implementation retained. P6 does not replace existing content, design, business facts or publication contracts.",https://github.com/rivyalivingart2/RivyaLivingArt2.0/blob/7569bbf720e73c5fee0117618a702b297af116de/src/app/imprint/page.tsx
RivyaLivingArt2.0,src/app/inquiry/received/page.tsx,/inquiry/received,['W11'],preserved,"Current P1–P4 implementation retained. P6 does not replace existing content, design, business facts or publication contracts.",https://github.com/rivyalivingart2/RivyaLivingArt2.0/blob/7569bbf720e73c5fee0117618a702b297af116de/src/app/inquiry/received/page.tsx
RivyaLivingArt2.0,src/app/journal/[slug]/page.tsx,/journal/[slug],['W20'],adapted,Published journal articles remain governed. Unverified old article slugs return 404; no guessed equivalent.,https://github.com/rivyalivingart2/RivyaLivingArt2.0/blob/7569bbf720e73c5fee0117618a702b297af116de/src/app/journal/%5Bslug%5D/page.tsx
RivyaLivingArt2.0,src/app/journal/page.tsx,/journal,['W19'],preserved,"Current P1–P4 implementation retained. P6 does not replace existing content, design, business facts or publication contracts.",https://github.com/rivyalivingart2/RivyaLivingArt2.0/blob/7569bbf720e73c5fee0117618a702b297af116de/src/app/journal/page.tsx
RivyaLivingArt2.0,src/app/materials-care/page.tsx,/materials-care,['W14'],preserved,"Current P1–P4 implementation retained. P6 does not replace existing content, design, business facts or publication contracts.",https://github.com/rivyalivingart2/RivyaLivingArt2.0/blob/7569bbf720e73c5fee0117618a702b297af116de/src/app/materials-care/page.tsx
RivyaLivingArt2.0,src/app/materials/page.tsx,/materials,['W14'],preserved,"Current P1–P4 implementation retained. P6 does not replace existing content, design, business facts or publication contracts.",https://github.com/rivyalivingart2/RivyaLivingArt2.0/blob/7569bbf720e73c5fee0117618a702b297af116de/src/app/materials/page.tsx
RivyaLivingArt2.0,src/app/our-story/page.tsx,/our-story,['W12'],preserved,"Current P1–P4 implementation retained. P6 does not replace existing content, design, business facts or publication contracts.",https://github.com/rivyalivingart2/RivyaLivingArt2.0/blob/7569bbf720e73c5fee0117618a702b297af116de/src/app/our-story/page.tsx
RivyaLivingArt2.0,src/app/page.tsx,/,['W02'],preserved,"Current P1–P4 implementation retained. P6 does not replace existing content, design, business facts or publication contracts.",https://github.com/rivyalivingart2/RivyaLivingArt2.0/blob/7569bbf720e73c5fee0117618a702b297af116de/src/app/page.tsx
RivyaLivingArt2.0,src/app/personalize/page.tsx,/personalize,['W16'],preserved,"Current P1–P4 implementation retained. P6 does not replace existing content, design, business facts or publication contracts.",https://github.com/rivyalivingart2/RivyaLivingArt2.0/blob/7569bbf720e73c5fee0117618a702b297af116de/src/app/personalize/page.tsx
RivyaLivingArt2.0,src/app/pieces/[slug]/customize/page.tsx,/pieces/[slug]/customize,['W08'],preserved,"Current P1–P4 implementation retained. P6 does not replace existing content, design, business facts or publication contracts.",https://github.com/rivyalivingart2/RivyaLivingArt2.0/blob/7569bbf720e73c5fee0117618a702b297af116de/src/app/pieces/%5Bslug%5D/customize/page.tsx
RivyaLivingArt2.0,src/app/pieces/[slug]/page.tsx,/pieces/[slug],['W07'],protected,"Current published pieces retain IDs, facts and galleries. Unverified old product slugs return 404.",https://github.com/rivyalivingart2/RivyaLivingArt2.0/blob/7569bbf720e73c5fee0117618a702b297af116de/src/app/pieces/%5Bslug%5D/page.tsx
RivyaLivingArt2.0,src/app/portfolio/[slug]/page.tsx,/portfolio/[slug],['W18'],conditional,No approved real projects exist. Unknown detail identities return 404; no fictional portfolio transfer.,https://github.com/rivyalivingart2/RivyaLivingArt2.0/blob/7569bbf720e73c5fee0117618a702b297af116de/src/app/portfolio/%5Bslug%5D/page.tsx
RivyaLivingArt2.0,src/app/portfolio/page.tsx,/portfolio,['W17'],conditional,Index has an honest empty state. Only substantiated approved projects may appear.,https://github.com/rivyalivingart2/RivyaLivingArt2.0/blob/7569bbf720e73c5fee0117618a702b297af116de/src/app/portfolio/page.tsx
RivyaLivingArt2.0,src/app/preserve/page.tsx,/preserve,['W16'],preserved,"Current P1–P4 implementation retained. P6 does not replace existing content, design, business facts or publication contracts.",https://github.com/rivyalivingart2/RivyaLivingArt2.0/blob/7569bbf720e73c5fee0117618a702b297af116de/src/app/preserve/page.tsx
RivyaLivingArt2.0,src/app/preview/states/[kind]/page.tsx,/preview/states/[kind],"['W30', 'S42']",preserved,"Current P1–P4 implementation retained. P6 does not replace existing content, design, business facts or publication contracts. Authenticated preview/state pages keep current environment guards and shared presentation. QA intake/retry/indexing paused; no production publication.",https://github.com/rivyalivingart2/RivyaLivingArt2.0/blob/7569bbf720e73c5fee0117618a702b297af116de/src/app/preview/states/%5Bkind%5D/page.tsx
RivyaLivingArt2.0,src/app/preview/states/page.tsx,/preview/states,"['W30', 'S42']",preserved,"Current P1–P4 implementation retained. P6 does not replace existing content, design, business facts or publication contracts. Authenticated preview/state pages keep current environment guards and shared presentation. QA intake/retry/indexing paused; no production publication.",https://github.com/rivyalivingart2/RivyaLivingArt2.0/blob/7569bbf720e73c5fee0117618a702b297af116de/src/app/preview/states/page.tsx
RivyaLivingArt2.0,src/app/preview/studio/[...path]/page.tsx,/preview/studio/[...path],"['W30', 'S42']",preserved,"Current P1–P4 implementation retained. P6 does not replace existing content, design, business facts or publication contracts. Authenticated preview/state pages keep current environment guards and shared presentation. QA intake/retry/indexing paused; no production publication.",https://github.com/rivyalivingart2/RivyaLivingArt2.0/blob/7569bbf720e73c5fee0117618a702b297af116de/src/app/preview/studio/%5B...path%5D/page.tsx
RivyaLivingArt2.0,src/app/preview/studio/content/[id]/page.tsx,/preview/studio/content/[id],"['W30', 'S42']",preserved,"Current P1–P4 implementation retained. P6 does not replace existing content, design, business facts or publication contracts. Authenticated preview/state pages keep current environment guards and shared presentation. QA intake/retry/indexing paused; no production publication.",https://github.com/rivyalivingart2/RivyaLivingArt2.0/blob/7569bbf720e73c5fee0117618a702b297af116de/src/app/preview/studio/content/%5Bid%5D/page.tsx
RivyaLivingArt2.0,src/app/preview/studio/content/new/page.tsx,/preview/studio/content/new,"['W30', 'S42']",preserved,"Current P1–P4 implementation retained. P6 does not replace existing content, design, business facts or publication contracts. Authenticated preview/state pages keep current environment guards and shared presentation. QA intake/retry/indexing paused; no production publication.",https://github.com/rivyalivingart2/RivyaLivingArt2.0/blob/7569bbf720e73c5fee0117618a702b297af116de/src/app/preview/studio/content/new/page.tsx
RivyaLivingArt2.0,src/app/preview/studio/content/page.tsx,/preview/studio/content,"['W30', 'S42']",preserved,"Current P1–P4 implementation retained. P6 does not replace existing content, design, business facts or publication contracts. Authenticated preview/state pages keep current environment guards and shared presentation. QA intake/retry/indexing paused; no production publication.",https://github.com/rivyalivingart2/RivyaLivingArt2.0/blob/7569bbf720e73c5fee0117618a702b297af116de/src/app/preview/studio/content/page.tsx
RivyaLivingArt2.0,src/app/preview/studio/media/page.tsx,/preview/studio/media,"['W30', 'S42']",preserved,"Current P1–P4 implementation retained. P6 does not replace existing content, design, business facts or publication contracts. Authenticated preview/state pages keep current environment guards and shared presentation. QA intake/retry/indexing paused; no production publication.",https://github.com/rivyalivingart2/RivyaLivingArt2.0/blob/7569bbf720e73c5fee0117618a702b297af116de/src/app/preview/studio/media/page.tsx
RivyaLivingArt2.0,src/app/preview/studio/modules/[module]/page.tsx,/preview/studio/modules/[module],"['W30', 'S42']",preserved,"Current P1–P4 implementation retained. P6 does not replace existing content, design, business facts or publication contracts. Authenticated preview/state pages keep current environment guards and shared presentation. QA intake/retry/indexing paused; no production publication.",https://github.com/rivyalivingart2/RivyaLivingArt2.0/blob/7569bbf720e73c5fee0117618a702b297af116de/src/app/preview/studio/modules/%5Bmodule%5D/page.tsx
RivyaLivingArt2.0,src/app/preview/studio/page.tsx,/preview/studio,"['W30', 'S42']",preserved,"Current P1–P4 implementation retained. P6 does not replace existing content, design, business facts or publication contracts. Authenticated preview/state pages keep current environment guards and shared presentation. QA intake/retry/indexing paused; no production publication.",https://github.com/rivyalivingart2/RivyaLivingArt2.0/blob/7569bbf720e73c5fee0117618a702b297af116de/src/app/preview/studio/page.tsx
RivyaLivingArt2.0,src/app/preview/studio/products/[id]/form/page.tsx,/preview/studio/products/[id]/form,"['W30', 'S42']",preserved,"Current P1–P4 implementation retained. P6 does not replace existing content, design, business facts or publication contracts. Authenticated preview/state pages keep current environment guards and shared presentation. QA intake/retry/indexing paused; no production publication.",https://github.com/rivyalivingart2/RivyaLivingArt2.0/blob/7569bbf720e73c5fee0117618a702b297af116de/src/app/preview/studio/products/%5Bid%5D/form/page.tsx
RivyaLivingArt2.0,src/app/preview/studio/products/[id]/page.tsx,/preview/studio/products/[id],"['W30', 'S42']",preserved,"Current P1–P4 implementation retained. P6 does not replace existing content, design, business facts or publication contracts. Authenticated preview/state pages keep current environment guards and shared presentation. QA intake/retry/indexing paused; no production publication.",https://github.com/rivyalivingart2/RivyaLivingArt2.0/blob/7569bbf720e73c5fee0117618a702b297af116de/src/app/preview/studio/products/%5Bid%5D/page.tsx
RivyaLivingArt2.0,src/app/preview/studio/products/new/page.tsx,/preview/studio/products/new,"['W30', 'S42']",preserved,"Current P1–P4 implementation retained. P6 does not replace existing content, design, business facts or publication contracts. Authenticated preview/state pages keep current environment guards and shared presentation. QA intake/retry/indexing paused; no production publication.",https://github.com/rivyalivingart2/RivyaLivingArt2.0/blob/7569bbf720e73c5fee0117618a702b297af116de/src/app/preview/studio/products/new/page.tsx
RivyaLivingArt2.0,src/app/preview/studio/products/page.tsx,/preview/studio/products,"['W30', 'S42']",preserved,"Current P1–P4 implementation retained. P6 does not replace existing content, design, business facts or publication contracts. Authenticated preview/state pages keep current environment guards and shared presentation. QA intake/retry/indexing paused; no production publication.",https://github.com/rivyalivingart2/RivyaLivingArt2.0/blob/7569bbf720e73c5fee0117618a702b297af116de/src/app/preview/studio/products/page.tsx
RivyaLivingArt2.0,src/app/privacy/page.tsx,/privacy,['W25'],preserved,"Current P1–P4 implementation retained. P6 does not replace existing content, design, business facts or publication contracts.",https://github.com/rivyalivingart2/RivyaLivingArt2.0/blob/7569bbf720e73c5fee0117618a702b297af116de/src/app/privacy/page.tsx
RivyaLivingArt2.0,src/app/process/page.tsx,/process,['W13'],preserved,"Current P1–P4 implementation retained. P6 does not replace existing content, design, business facts or publication contracts.",https://github.com/rivyalivingart2/RivyaLivingArt2.0/blob/7569bbf720e73c5fee0117618a702b297af116de/src/app/process/page.tsx
RivyaLivingArt2.0,src/app/returns-cancellations/page.tsx,/returns-cancellations,['W24'],preserved,"Current P1–P4 implementation retained. P6 does not replace existing content, design, business facts or publication contracts.",https://github.com/rivyalivingart2/RivyaLivingArt2.0/blob/7569bbf720e73c5fee0117618a702b297af116de/src/app/returns-cancellations/page.tsx
RivyaLivingArt2.0,src/app/search/page.tsx,/search,['W06'],preserved,"Current P1–P4 implementation retained. P6 does not replace existing content, design, business facts or publication contracts.",https://github.com/rivyalivingart2/RivyaLivingArt2.0/blob/7569bbf720e73c5fee0117618a702b297af116de/src/app/search/page.tsx
RivyaLivingArt2.0,src/app/shipping-delivery/page.tsx,/shipping-delivery,['W23'],preserved,"Current P1–P4 implementation retained. P6 does not replace existing content, design, business facts or publication contracts.",https://github.com/rivyalivingart2/RivyaLivingArt2.0/blob/7569bbf720e73c5fee0117618a702b297af116de/src/app/shipping-delivery/page.tsx
RivyaLivingArt2.0,src/app/studio/[...path]/page.tsx,/studio/[...path],"['S02', 'S39']",preserved; excluded,"Grouped shell/finder; real task queue; recent editorial records; saved publication checks. Current 13 registered destinations; no invented counts. Owner excludes all scraper work and old-product transfer. Existing code, configuration and operating state remain untouched.",https://github.com/rivyalivingart2/RivyaLivingArt2.0/blob/7569bbf720e73c5fee0117618a702b297af116de/src/app/studio/%5B...path%5D/page.tsx
RivyaLivingArt2.0,src/app/studio/login/page.tsx,/studio/login,['S01'],preserved,"Existing sign-in/session provider, recovery link and retained draft on 401. No registration or new credential architecture.",https://github.com/rivyalivingart2/RivyaLivingArt2.0/blob/7569bbf720e73c5fee0117618a702b297af116de/src/app/studio/login/page.tsx
RivyaLivingArt2.0,src/app/studio/page.tsx,/studio,['S02'],preserved,Grouped shell/finder; real task queue; recent editorial records; saved publication checks. Current 13 registered destinations; no invented counts.,https://github.com/rivyalivingart2/RivyaLivingArt2.0/blob/7569bbf720e73c5fee0117618a702b297af116de/src/app/studio/page.tsx
RivyaLivingArt2.0,src/app/studio/reference/[id]/page.tsx,/studio/reference/[id],['S41'],preserved,Private viewer matches Studio palette and retains contained imagery and authorized access. No new upload/deletion or public exposure claimed.,https://github.com/rivyalivingart2/RivyaLivingArt2.0/blob/7569bbf720e73c5fee0117618a702b297af116de/src/app/studio/reference/%5Bid%5D/page.tsx
RivyaLivingArt2.0,src/app/terms/page.tsx,/terms,['W26'],preserved,"Current P1–P4 implementation retained. P6 does not replace existing content, design, business facts or publication contracts.",https://github.com/rivyalivingart2/RivyaLivingArt2.0/blob/7569bbf720e73c5fee0117618a702b297af116de/src/app/terms/page.tsx
