family,title,disposition,decision,oldRoutes,newRoutes,evidence,p7CandidateEvidence,p7EvidenceLevel,remainingAcceptance
W01,"Shared header, footer, navigation and search entry",preserved,"Current P1–P4 implementation retained. P6 does not replace existing content, design, business facts or publication contracts.",Shared or no dedicated template mapped,"Shared, conditional or missing dedicated template; see specification",P4 closure and P0 source inventory,Header keyboard/focus and 43-page responsive scan,FRESH SAMPLED + INHERITED,Human/device/full-family visual acceptance remains where applicable; conditional and protected activation limits retained
W02,Homepage `/`,preserved,"Current P1–P4 implementation retained. P6 does not replace existing content, design, business facts or publication contracts.",/[locale],/,P4 closure and P0 source inventory,Full draft/preview/publish/withdrawal/recovery; desktop/mobile measurements,FRESH SAMPLED + INHERITED,Human/device/full-family visual acceptance remains where applicable; conditional and protected activation limits retained
W03,Collectible design `/collectible-design`,preserved,"Current P1–P4 implementation retained. P6 does not replace existing content, design, business facts or publication contracts.",/[locale]/large-resin-art; /[locale]/shop; /[locale]/shop/[category],/[collection],P4 closure and P0 source inventory,Loaded route + 5 widths + mobile performance,FRESH SAMPLED + INHERITED,Human/device/full-family visual acceptance remains where applicable; conditional and protected activation limits retained
W04,Memory art `/memory-art`,preserved,"Current P1–P4 implementation retained. P6 does not replace existing content, design, business facts or publication contracts.",Shared or no dedicated template mapped,"Shared, conditional or missing dedicated template; see specification",P4 closure and P0 source inventory,Loaded route + 5 widths + mobile performance,FRESH SAMPLED + INHERITED,Human/device/full-family visual acceptance remains where applicable; conditional and protected activation limits retained
W05,Personal art `/personal-art`,preserved,"Current P1–P4 implementation retained. P6 does not replace existing content, design, business facts or publication contracts.",Shared or no dedicated template mapped,/[collection],P4 closure and P0 source inventory,Loaded route + 5 widths + mobile performance,FRESH SAMPLED + INHERITED,Human/device/full-family visual acceptance remains where applicable; conditional and protected activation limits retained
W06,Search and catalogue discovery `/search`,preserved,"Current P1–P4 implementation retained. P6 does not replace existing content, design, business facts or publication contracts.",/[locale]/search; /[locale]/shop; /[locale]/shop/[category],/search,P4 closure and P0 source inventory,Loaded route + 5 widths,FRESH SAMPLED + INHERITED,Human/device/full-family visual acceptance remains where applicable; conditional and protected activation limits retained
W07,Product detail `/pieces/[slug]`,protected,"Current published pieces retain IDs, facts and galleries. Unverified old product slugs return 404.",/[locale]/product/[slug],/pieces/[slug],P6 checkpoint and source registry,Three product journeys; gallery keyboard/zoom and mobile measurements,FRESH SAMPLED + INHERITED,Human/device/full-family visual acceptance remains where applicable; conditional and protected activation limits retained
W08,Product customization `/pieces/[slug]/customize`,preserved,"Current P1–P4 implementation retained. P6 does not replace existing content, design, business facts or publication contracts.",/[locale]/product/[slug],/pieces/[slug]/customize,P4 closure and P0 source inventory,Three invalid/valid customization/save journeys with real reference,FRESH SAMPLED + INHERITED,Human/device/full-family visual acceptance remains where applicable; conditional and protected activation limits retained
W09,Commission entry `/commission`,preserved,"Current P1–P4 implementation retained. P6 does not replace existing content, design, business facts or publication contracts.",/[locale]/custom-order,/commission,P4 closure and P0 source inventory,Loaded route + 5 widths,FRESH SAMPLED + INHERITED,Human/device/full-family visual acceptance remains where applicable; conditional and protected activation limits retained
W10,Bespoke request `/commission/customize`,preserved,"Current P1–P4 implementation retained. P6 does not replace existing content, design, business facts or publication contracts.",/[locale]/custom-order,/commission/customize,P4 closure and P0 source inventory,Bespoke invalid/valid save journey and performance,FRESH SAMPLED + INHERITED,Human/device/full-family visual acceptance remains where applicable; conditional and protected activation limits retained
W11,Saved-request receipt `/inquiry/received`,preserved,"Current P1–P4 implementation retained. P6 does not replace existing content, design, business facts or publication contracts.",/[locale]/whatsapp-order,/inquiry/received,P4 closure and P0 source inventory,Four durable receipts; exact wrong-guest denial; erased handoff denial,FRESH SAMPLED + INHERITED,Human/device/full-family visual acceptance remains where applicable; conditional and protected activation limits retained
W12,Atelier story `/our-story`; alias `/about`,preserved,"Current P1–P4 implementation retained. P6 does not replace existing content, design, business facts or publication contracts.",/[locale]/about,/about; /our-story,P4 closure and P0 source inventory,Loaded route + 5 widths,FRESH SAMPLED + INHERITED,Human/device/full-family visual acceptance remains where applicable; conditional and protected activation limits retained
W13,Process `/process`,preserved,"Current P1–P4 implementation retained. P6 does not replace existing content, design, business facts or publication contracts.",/[locale]/process,/process,P4 closure and P0 source inventory,Loaded route + 5 widths; no-JavaScript and keyboard; performance,FRESH SAMPLED + INHERITED,Human/device/full-family visual acceptance remains where applicable; conditional and protected activation limits retained
W14,"Materials and care `/materials-care`; aliases `/materials`, `/care`",preserved,"Current P1–P4 implementation retained. P6 does not replace existing content, design, business facts or publication contracts.",Shared or no dedicated template mapped,/care; /materials-care; /materials,P4 closure and P0 source inventory,Loaded route + 5 widths,FRESH SAMPLED + INHERITED,Human/device/full-family visual acceptance remains where applicable; conditional and protected activation limits retained
W15,Architects and collaborators `/architects`,preserved,"Current P1–P4 implementation retained. P6 does not replace existing content, design, business facts or publication contracts.",/[locale]/large-resin-art,/architects,P4 closure and P0 source inventory,Loaded route + 5 widths,FRESH SAMPLED + INHERITED,Human/device/full-family visual acceptance remains where applicable; conditional and protected activation limits retained
W16,"Journey aliases `/preserve`, `/personalize`",preserved,"Current P1–P4 implementation retained. P6 does not replace existing content, design, business facts or publication contracts.",Shared or no dedicated template mapped,/personalize; /preserve,P4 closure and P0 source inventory,Both routes loaded + 5 widths,FRESH SAMPLED + INHERITED,Human/device/full-family visual acceptance remains where applicable; conditional and protected activation limits retained
W17,Portfolio index `/portfolio`,conditional,Index has an honest empty state. Only substantiated approved projects may appear.,/[locale]/portfolio,/portfolio,P6 checkpoint and source registry,Existing P4/P5/P6 disposition retained; no new dedicated family interaction in P7,INHERITED / CONDITIONAL / EXCLUDED,Human/device/full-family visual acceptance remains where applicable; conditional and protected activation limits retained
W18,Project detail `/portfolio/[slug]`,conditional,No approved real projects exist. Unknown detail identities return 404; no fictional portfolio transfer.,/[locale]/portfolio/[slug],/portfolio/[slug],P6 checkpoint and source registry,Existing P4/P5/P6 disposition retained; no new dedicated family interaction in P7,INHERITED / CONDITIONAL / EXCLUDED,Human/device/full-family visual acceptance remains where applicable; conditional and protected activation limits retained
W19,Journal index `/journal`,preserved,"Current P1–P4 implementation retained. P6 does not replace existing content, design, business facts or publication contracts.",/[locale]/blog,/journal,P4 closure and P0 source inventory,Loaded route + 5 widths; mobile performance,FRESH SAMPLED + INHERITED,Human/device/full-family visual acceptance remains where applicable; conditional and protected activation limits retained
W20,Journal article `/journal/[slug]`,adapted,Published journal articles remain governed. Unverified old article slugs return 404; no guessed equivalent.,/[locale]/blog/[slug],/journal/[slug],P6 checkpoint and source registry,One published article loaded + 5 widths; synthetic publication/withdrawal,FRESH SAMPLED + INHERITED,Human/device/full-family visual acceptance remains where applicable; conditional and protected activation limits retained
W21,Frequently asked questions `/faq`,preserved,"Current P1–P4 implementation retained. P6 does not replace existing content, design, business facts or publication contracts.",/[locale]/faq,/faq,P4 closure and P0 source inventory,Loaded route + 5 widths,FRESH SAMPLED + INHERITED,Human/device/full-family visual acceptance remains where applicable; conditional and protected activation limits retained
W22,Contact `/contact`,preserved,"Current P1–P4 implementation retained. P6 does not replace existing content, design, business facts or publication contracts.",/[locale]/contact,/contact,P4 closure and P0 source inventory,Loaded route + 5 widths; shared contact equality,FRESH SAMPLED + INHERITED,Human/device/full-family visual acceptance remains where applicable; conditional and protected activation limits retained
W23,Shipping and delivery `/shipping-delivery`,preserved,"Current P1–P4 implementation retained. P6 does not replace existing content, design, business facts or publication contracts.",Shared or no dedicated template mapped,/shipping-delivery,P4 closure and P0 source inventory,Loaded route + 5 widths,FRESH SAMPLED + INHERITED,Human/device/full-family visual acceptance remains where applicable; conditional and protected activation limits retained
W24,Returns and cancellations `/returns-cancellations`,preserved,"Current P1–P4 implementation retained. P6 does not replace existing content, design, business facts or publication contracts.",Shared or no dedicated template mapped,/returns-cancellations,P4 closure and P0 source inventory,Loaded route + 5 widths,FRESH SAMPLED + INHERITED,Human/device/full-family visual acceptance remains where applicable; conditional and protected activation limits retained
W25,Privacy `/privacy`,preserved,"Current P1–P4 implementation retained. P6 does not replace existing content, design, business facts or publication contracts.",/[locale]/privacy,/privacy,P4 closure and P0 source inventory,Loaded route + 5 widths,FRESH SAMPLED + INHERITED,Human/device/full-family visual acceptance remains where applicable; conditional and protected activation limits retained
W26,Terms `/terms`,preserved,"Current P1–P4 implementation retained. P6 does not replace existing content, design, business facts or publication contracts.",/[locale]/terms,/terms,P4 closure and P0 source inventory,Loaded route + 5 widths,FRESH SAMPLED + INHERITED,Human/device/full-family visual acceptance remains where applicable; conditional and protected activation limits retained
W27,Imprint `/imprint` — first broken public destination,preserved,"Current P1–P4 implementation retained. P6 does not replace existing content, design, business facts or publication contracts.",Shared or no dedicated template mapped,/imprint,P4 closure and P0 source inventory,Loaded QA route + 5 widths; live publication remains P8,FRESH SAMPLED + INHERITED,Human/device/full-family visual acceptance remains where applicable; conditional and protected activation limits retained
W28,Accessibility `/accessibility`,preserved,"Current P1–P4 implementation retained. P6 does not replace existing content, design, business facts or publication contracts.",Shared or no dedicated template mapped,/accessibility,P4 closure and P0 source inventory,Loaded route + 5 widths; no compliance claim,FRESH SAMPLED + INHERITED,Human/device/full-family visual acceptance remains where applicable; conditional and protected activation limits retained
W29,"Loading, empty, unavailable, 404 and error states",preserved,"Current P1–P4 implementation retained. P6 does not replace existing content, design, business facts or publication contracts.",Shared or no dedicated template mapped,"Shared, conditional or missing dedicated template; see specification",P4 closure and P0 source inventory,Existing P4/P5/P6 disposition retained; no new dedicated family interaction in P7,INHERITED / CONDITIONAL / EXCLUDED,Human/device/full-family visual acceptance remains where applicable; conditional and protected activation limits retained
W30,Authenticated preview and development state galleries,preserved,"Current P1–P4 implementation retained. P6 does not replace existing content, design, business facts or publication contracts.",/design-lab,/[...path]; /[section]; /collectible-design; /; /pieces/[slug]; /preview/states/[kind]; /preview/states; /preview/studio/[...path]; /preview/studio/content/[id]; /preview/studio/content/new; /preview/studio/content; /preview/studio/media; /preview/studio/modules/[module]; /preview/studio; /preview/studio/products/[id]/form; /preview/studio/products/[id]; /preview/studio/products/new; /preview/studio/products,P4 closure and P0 source inventory,Exact saved homepage preview before and after dependency withdrawal,FRESH SAMPLED + INHERITED,Human/device/full-family visual acceptance remains where applicable; conditional and protected activation limits retained
W31,Conditional workshop pages — no new route until an actual offering exists,conditional,"Old workshops addresses explain retirement; dates, seats and booking require a genuine current offering.",/[locale]/workshops,"Shared, conditional or missing dedicated template; see specification",P6 checkpoint and source registry,Existing P4/P5/P6 disposition retained; no new dedicated family interaction in P7,INHERITED / CONDITIONAL / EXCLUDED,Human/device/full-family visual acceptance remains where applicable; conditional and protected activation limits retained
W32,Conditional 3D-printing/supplies or other legacy service pages,conditional,"Supplies and printing routes explain retirement. No supplier catalogue, machinery claims or scraper execution.",Shared or no dedicated template mapped,"Shared, conditional or missing dedicated template; see specification",P6 checkpoint and source registry,Existing P4/P5/P6 disposition retained; no new dedicated family interaction in P7,INHERITED / CONDITIONAL / EXCLUDED,Human/device/full-family visual acceptance remains where applicable; conditional and protected activation limits retained
W33,Reviewed languages and legacy-URL journeys,adapted,"Priority interface translations, explicit editorial fallback, complete-record review, exact saved preview and safe verified locale compatibility.",Shared or no dedicated template mapped,"Shared, conditional or missing dedicated template; see specification",P6 checkpoint and source registry,Existing P4/P5/P6 disposition retained; no new dedicated family interaction in P7,INHERITED / CONDITIONAL / EXCLUDED,Human/device/full-family visual acceptance remains where applicable; conditional and protected activation limits retained
W34,Saved pieces / legacy `/shop/wishlist`,adapted,Current browser-local saved pieces are retained; old wishlist storage is not migrated.,/[locale]/shop/wishlist,"Shared, conditional or missing dedicated template; see specification",P6 checkpoint and source registry,Saved pieces loaded + 5 widths,FRESH SAMPLED + INHERITED,Human/device/full-family visual acceptance remains where applicable; conditional and protected activation limits retained
W35,Registered custom pages / legacy `/p/[slug]`,adapted,Governed /p pages stay in the current draft/publication contract. Unknown old identities return 404.,/[locale]/p/[slug],"Shared, conditional or missing dedicated template; see specification",P6 checkpoint and source registry,Existing P4/P5/P6 disposition retained; no new dedicated family interaction in P7,INHERITED / CONDITIONAL / EXCLUDED,Human/device/full-family visual acceptance remains where applicable; conditional and protected activation limits retained
W36,"Gone, maintenance, rate-limit and environmental states",preserved,"Current P1–P4 implementation retained. P6 does not replace existing content, design, business facts or publication contracts.",/[locale]/gone; /[locale]/maintenance; /[locale]/too-many-requests,"Shared, conditional or missing dedicated template; see specification",P4 closure and P0 source inventory,Existing P4/P5/P6 disposition retained; no new dedicated family interaction in P7,INHERITED / CONDITIONAL / EXCLUDED,Human/device/full-family visual acceptance remains where applicable; conditional and protected activation limits retained
S01,Staff sign-in and session renewal,preserved,"Existing sign-in/session provider, recovery link and retained draft on 401. No registration or new credential architecture.",/studio/login,/studio/login,P5 family register,Actual owner/editor logins and authentication boundaries,FRESH SAMPLED + INHERITED,Human/device/full-family visual acceptance remains where applicable; conditional and protected activation limits retained
S02,"Workspace shell, navigation and overview",preserved,Grouped shell/finder; real task queue; recent editorial records; saved publication checks. Current 13 registered destinations; no invented counts.,/studio,/studio/[...path]; /studio,P5 family register,Loaded overview + shared 16-module shell scan,FRESH SAMPLED + INHERITED,Human/device/full-family visual acceptance remains where applicable; conditional and protected activation limits retained
S03,"Inquiries: list, filters and saved views",preserved,All inquiry filters/sort/page/view/record in URL; chips; 50-row paging; retained rows and return focus. No persistent named-view database added.,/studio/inquiries/[id]; /studio/inquiries,"Shared, conditional or missing dedicated template; see specification",P5 family register,Loaded list; scope/assignment; mobile performance,FRESH SAMPLED + INHERITED,Human/device/full-family visual acceptance remains where applicable; conditional and protected activation limits retained
S04,Inquiry board and stage changes,preserved,Board/list stage controls; phone one-stage view; pending/409/reason behavior. Stage meanings and transition service unchanged.,Shared or no dedicated template mapped,"Shared, conditional or missing dedicated template; see specification",P5 family register,Board 7 widths; keyboard controls; version race,FRESH SAMPLED + INHERITED,Human/device/full-family visual acceptance remains where applicable; conditional and protected activation limits retained
S05,"Inquiry detail, references, notes and amendments",preserved,"Grouped saved brief, references, task, notes, amendments and exact history. Original answers/messages preserved; private references remain authorized.",/studio/inquiries/[id]; /studio/inquiries,"Shared, conditional or missing dedicated template; see specification",P5 family register,Real saved details/reference/notes; erasure and replay,FRESH SAMPLED + INHERITED,Human/device/full-family visual acceptance remains where applicable; conditional and protected activation limits retained
S06,Manual inquiry entry and saved-message preparation,preserved,Existing customer-name/brief entry with concrete review and idempotent retry. No richer contact/product/consent/message contract invented.,Shared or no dedicated template mapped,"Shared, conditional or missing dedicated template; see specification",P5 family register,Message preparation exhaustion and one-winner administrator recovery,FRESH SAMPLED + INHERITED,Human/device/full-family visual acceptance remains where applicable; conditional and protected activation limits retained
S07,Follow-ups and IST date controls,preserved,"IST presets, due/today/overdue/upcoming filters and calendar-string projections. Saved date-only values never converted through a timestamp.",Shared or no dedicated template mapped,"Shared, conditional or missing dedicated template; see specification",P5 family register,Loaded follow-ups + 5 widths; prior IST boundary evidence retained,FRESH SAMPLED + INHERITED,Human/device/full-family visual acceptance remains where applicable; conditional and protected activation limits retained
S08,Catalogue list and protected existing-product editor,preserved,"Protected default catalogue review, publication filter, record state and explicit existing-edit opt-in. No existing product data changed.",/studio/products/[id]; /studio/products,"Shared, conditional or missing dedicated template; see specification",P5 family register,Loaded catalogue + protected 120-record equality,FRESH SAMPLED + INHERITED,Human/device/full-family visual acceptance remains where applicable; conditional and protected activation limits retained
S09,Existing new-product screen and deferred media dependency,conditional,Existing new-product UI retained; supported new-ID media associations remain an explicitly deferred dependency. No product creation or transfer.,/studio/products/[id]; /studio/products/new; /studio/products,"Shared, conditional or missing dedicated template; see specification",P6 checkpoint and source registry,Existing P4/P5/P6 disposition retained; no new dedicated family interaction in P7,INHERITED / CONDITIONAL / EXCLUDED,Human/device/full-family visual acceptance remains where applicable; conditional and protected activation limits retained
S10,Product gallery review and responsive presentation,preserved,Gallery/images editor uses shared tabs and state while retaining exact associations. No product-image substitution or gallery reordering.,Shared or no dedicated template mapped,"Shared, conditional or missing dedicated template; see specification",P5 family register,Existing P4/P5/P6 disposition retained; no new dedicated family interaction in P7,INHERITED / CONDITIONAL / EXCLUDED,Human/device/full-family visual acceptance remains where applicable; conditional and protected activation limits retained
S11,Customization forms and schema comparison,preserved,Actual public customization controls used for Studio preview; comparison remains available. Preview controls cannot validate/submit the product editor; current schemas unchanged.,/studio/forms,"Shared, conditional or missing dedicated template; see specification",P5 family register,Existing P4/P5/P6 disposition retained; no new dedicated family interaction in P7,INHERITED / CONDITIONAL / EXCLUDED,Human/device/full-family visual acceptance remains where applicable; conditional and protected activation limits retained
S12,Pages and the homepage section composer,preserved,"P2/P4 section editors plus identity/version/state, recovery and native record-switch dialog. Saved exact previews and explicit publication retained.",/studio/custom-pages/[id]; /studio/custom-pages/new; /studio/custom-pages; /studio/pages/[id]; /studio/pages; /studio/sections,"Shared, conditional or missing dedicated template; see specification",P5 family register,Exact home lifecycle and content route; mobile editor transfer measured,FRESH SAMPLED + INHERITED,Human/device/full-family visual acceptance remains where applicable; conditional and protected activation limits retained
S13,"Global copy, FAQ, process, materials and policies",preserved,"Typed global/policy editors use common state, sections and recovery. No factual legal/business copy invented.",/studio/site-copy,"Shared, conditional or missing dedicated template; see specification",P5 family register,Loaded site-copy + 5 widths; home recovery,FRESH SAMPLED + INHERITED,Human/device/full-family visual acceptance remains where applicable; conditional and protected activation limits retained
S14,"Journal index, article editing and editorial links",preserved,"Journal/content records share focused editor, direct recent links and comparison. No new unreviewed articles published.",/studio/blog/[id]; /studio/blog/new; /studio/blog,"Shared, conditional or missing dedicated template; see specification",P5 family register,Article draft/preview/publication/withdrawal and exact home selection,FRESH SAMPLED + INHERITED,Human/device/full-family visual acceptance remains where applicable; conditional and protected activation limits retained
S15,"Media library: assets, provenance and review",preserved,"Media identity/version/state, initial retry, current-draft revision comparison and provenance remain visible. Existing public media unchanged.",/studio/media,"Shared, conditional or missing dedicated template; see specification",P5 family register,Loaded public media + 320 screenshot; original 131 records unchanged,FRESH SAMPLED + INHERITED,Human/device/full-family visual acceptance remains where applicable; conditional and protected activation limits retained
S16,Site images: page-slot assignment and crops,preserved,P3 assignment/crop workspace retained under the common shell. No new asset assignment required for this operational phase.,/studio/site-images,"Shared, conditional or missing dedicated template; see specification",P5 family register,Loaded site images + 5 widths; P3 crop evidence inherited,FRESH SAMPLED + INHERITED,Human/device/full-family visual acceptance remains where applicable; conditional and protected activation limits retained
S17,Navigation and destination management,adapted,Existing navigation editor plus source-bound translation review and stale fallback; no destination or contact rewrites.,/studio/navigation,"Shared, conditional or missing dedicated template; see specification",P6 checkpoint and source registry,Loaded navigation + 5 widths,FRESH SAMPLED + INHERITED,Human/device/full-family visual acceptance remains where applicable; conditional and protected activation limits retained
S18,"Languages, translation coverage and review",adapted,"Language review coverage, complete editable source paths, stale detection, saved preview and revision recovery.",Shared or no dedicated template mapped,"Shared, conditional or missing dedicated template; see specification",P6 checkpoint and source registry,Loaded language review + 5 widths; P6 journeys inherited,FRESH SAMPLED + INHERITED,Human/device/full-family visual acceptance remains where applicable; conditional and protected activation limits retained
S19,Content health and exact repair navigation,preserved,"Common readiness reader, exact repair links, URL filter entry and retained results on error. Readiness never implies unsaved work is approved.",/studio/content-gaps; /studio/content-health,"Shared, conditional or missing dedicated template; see specification",P5 family register,Loaded Content health + 5 widths + fixed ARIA rescan,FRESH SAMPLED + INHERITED,Human/device/full-family visual acceptance remains where applicable; conditional and protected activation limits retained
S20,"Taxonomy, categories and relationship review",adapted,"Read-only exact category keys, published counts, related records, normalized-label conflicts and collection-level aliases.",/studio/categories,"Shared, conditional or missing dedicated template; see specification",P6 checkpoint and source registry,Loaded legacy/route review; P6 taxonomy evidence inherited,FRESH SAMPLED + INHERITED,Human/device/full-family visual acceptance remains where applicable; conditional and protected activation limits retained
S21,Portfolio and testimonials — conditional modules,conditional,"Genuine projects/testimonials require facts, consent and actual media. No false editor or invented content activated.",/studio/portfolio/[id]; /studio/portfolio/new; /studio/portfolio,"Shared, conditional or missing dedicated template; see specification",P6 checkpoint and source registry,Existing P4/P5/P6 disposition retained; no new dedicated family interaction in P7,INHERITED / CONDITIONAL / EXCLUDED,Human/device/full-family visual acceptance remains where applicable; conditional and protected activation limits retained
S22,"Imports, exports and bulk-operation review",adapted,"Editorial translation JSON dry run, protected-field validation and before/after review into unsaved drafts. Existing exports unchanged; catalogue imports excluded.",/studio/exports; /studio/import,"Shared, conditional or missing dedicated template; see specification",P6 checkpoint and source registry,Actual empty private CSV/expiry; P6 import comparison inherited,FRESH SAMPLED + INHERITED,Human/device/full-family visual acceptance remains where applicable; conditional and protected activation limits retained
S23,"Staff access, roles and recovery assistance",preserved,Review exact role/active/session effects; stale versions and revocation handled by current service. Temporary isolated accounts disabled; audits retained.,/studio/users,"Shared, conditional or missing dedicated template; see specification",P5 family register,Two temporary editors; reassignment revokes; unauthorized erasure denied,FRESH SAMPLED + INHERITED,Human/device/full-family visual acceptance remains where applicable; conditional and protected activation limits retained
S24,Business settings and protected contact references,preserved,"Read-only canonical contact values, copy feedback and exact public/audit reference links. Phone/email/map/WhatsApp facts unchanged.",/studio/settings,"Shared, conditional or missing dedicated template; see specification",P5 family register,Loaded settings + shared business record equals P0,FRESH SAMPLED + INHERITED,Human/device/full-family visual acceptance remains where applicable; conditional and protected activation limits retained
S25,"Revisions, concurrent edits and activity audit",preserved,"Known record links, explicit current revision, compare/restore and conflict-preserving recovery. Restore creates a draft; history is never replaced.",/studio/activity,"Shared, conditional or missing dedicated template; see specification",P5 family register,"Stale home conflict, comparison/recovery and retained history",FRESH SAMPLED + INHERITED,Human/device/full-family visual acceptance remains where applicable; conditional and protected activation limits retained
S26,"SEO, redirects and indexing diagnostics",adapted,Reviewed redirect registry and read-only canonical/indexing diagnostics; indexing held and locale SEO migration not selected.,/studio/seo,"Shared, conditional or missing dedicated template; see specification",P6 checkpoint and source registry,Existing P4/P5/P6 disposition retained; no new dedicated family interaction in P7,INHERITED / CONDITIONAL / EXCLUDED,Human/device/full-family visual acceptance remains where applicable; conditional and protected activation limits retained
S27,"Privacy, retention, backup and recovery evidence",preserved,Existing privacy/retention/recovery controls retained. Service execution/physical-device audit remains P7; P6 runs no cleanup or backup.,/studio/settings,"Shared, conditional or missing dedicated template; see specification",P6 checkpoint and source registry,New privacy/export/replay plus backup and controlled restore receipts,FRESH SAMPLED + INHERITED,Human/device/full-family visual acceptance remains where applicable; conditional and protected activation limits retained
S28,Analytics and preserved scraper surface,conditional,"Operational workload counts exist. Anonymous funnel instrumentation is unavailable, not zero; no permitted event source established. Scraper excluded.",/studio/analytics,"Shared, conditional or missing dedicated template; see specification",P6 checkpoint and source registry,Existing P4/P5/P6 disposition retained; no new dedicated family interaction in P7,INHERITED / CONDITIONAL / EXCLUDED,Human/device/full-family visual acceptance remains where applicable; conditional and protected activation limits retained
S29,"Publication, real preview and revision recovery: the first complete workflow",preserved,Draft/save/real preview/publish/public read/stale rejection/restore/hide cycle retained. Only synthetic QA content published then hidden.,Shared or no dedicated template mapped,"Shared, conditional or missing dedicated template; see specification",P5 family register,Existing P4/P5/P6 disposition retained; no new dedicated family interaction in P7,INHERITED / CONDITIONAL / EXCLUDED,Human/device/full-family visual acceptance remains where applicable; conditional and protected activation limits retained
S30,"Shared loading, empty, error and unavailable-module states",preserved,"Initial loading, true empty, stale refresh, note failure, conflict, session expiry and unknown module states. Sampled matrix; no claim of exhaustive physical-device accessibility audit.",Shared or no dedicated template mapped,"Shared, conditional or missing dedicated template; see specification",P5 family register,Existing P4/P5/P6 disposition retained; no new dedicated family interaction in P7,INHERITED / CONDITIONAL / EXCLUDED,Human/device/full-family visual acceptance remains where applicable; conditional and protected activation limits retained
S31,FAQ list and answer editor,preserved,FAQ uses P4 typed section/question editor with common state and recovery. Business answers require factual review.,/studio/faqs,"Shared, conditional or missing dedicated template; see specification",P5 family register,Existing P4/P5/P6 disposition retained; no new dedicated family interaction in P7,INHERITED / CONDITIONAL / EXCLUDED,Human/device/full-family visual acceptance remains where applicable; conditional and protected activation limits retained
S32,Process-step editor,preserved,"Process chapters retain P4 typed sections, source notes and preview within shared Studio. No unreviewed process promises or video added.",/studio/process,"Shared, conditional or missing dedicated template; see specification",P5 family register,Existing P4/P5/P6 disposition retained; no new dedicated family interaction in P7,INHERITED / CONDITIONAL / EXCLUDED,Human/device/full-family visual acceptance remains where applicable; conditional and protected activation limits retained
S33,Materials and care editor,preserved,Materials/care chapters retain structured content and source review controls. No unsupported material guarantees.,/studio/materials,"Shared, conditional or missing dedicated template; see specification",P5 family register,Existing P4/P5/P6 disposition retained; no new dedicated family interaction in P7,INHERITED / CONDITIONAL / EXCLUDED,Human/device/full-family visual acceptance remains where applicable; conditional and protected activation limits retained
S34,Genuine testimonial list/editor,conditional,"No authentic testimonial wording, attribution and consent supplied. Publication remains unavailable.",/studio/testimonials/[id]; /studio/testimonials/new; /studio/testimonials,"Shared, conditional or missing dedicated template; see specification",P6 checkpoint and source registry,Existing P4/P5/P6 disposition retained; no new dedicated family interaction in P7,INHERITED / CONDITIONAL / EXCLUDED,Human/device/full-family visual acceptance remains where applicable; conditional and protected activation limits retained
S35,Project detail and new-project states,conditional,No genuine project facts/media permissions supplied. Dedicated project editor remains conditional; existing governed page composition retained.,/studio/portfolio/[id]; /studio/portfolio/new; /studio/portfolio,"Shared, conditional or missing dedicated template; see specification",P6 checkpoint and source registry,Existing P4/P5/P6 disposition retained; no new dedicated family interaction in P7,INHERITED / CONDITIONAL / EXCLUDED,Human/device/full-family visual acceptance remains where applicable; conditional and protected activation limits retained
S36,Legacy subscribers screen,retired,"No subscriber import, list, campaign or new subscription service activated.",/studio/subscribers,"Shared, conditional or missing dedicated template; see specification",P6 checkpoint and source registry,Existing P4/P5/P6 disposition retained; no new dedicated family interaction in P7,INHERITED / CONDITIONAL / EXCLUDED,Human/device/full-family visual acceptance remains where applicable; conditional and protected activation limits retained
S37,Internal content lab,internal,"Content lab purpose is served by current drafts and authenticated exact previews, not a new generator.",/studio/content-lab,"Shared, conditional or missing dedicated template; see specification",P6 checkpoint and source registry,Existing P4/P5/P6 disposition retained; no new dedicated family interaction in P7,INHERITED / CONDITIONAL / EXCLUDED,Human/device/full-family visual acceptance remains where applicable; conditional and protected activation limits retained
S38,Manual research/reference board,internal,"Manual Drive inventory, asset review and provenance remain the reference workflow; no automatic collection.",/studio/research,"Shared, conditional or missing dedicated template; see specification",P6 checkpoint and source registry,Existing P4/P5/P6 disposition retained; no new dedicated family interaction in P7,INHERITED / CONDITIONAL / EXCLUDED,Human/device/full-family visual acceptance remains where applicable; conditional and protected activation limits retained
S39,Scraper and catalogue-ingestion legacy family — excluded,excluded,"Owner excludes all scraper work and old-product transfer. Existing code, configuration and operating state remain untouched.",/studio/catalog-fill/conflicts; /studio/catalog-fill; /studio/scraper/analytics; /studio/scraper/confirmed; /studio/scraper/explorer; /studio/scraper/large-format; /studio/scraper/mapping; /studio/scraper; /studio/scraper/quality; /studio/scraper/review; /studio/scraper/runs; /studio/scraper/sources/[key]; /studio/scraper/sources,/studio/[...path],P6 checkpoint and source registry,Existing P4/P5/P6 disposition retained; no new dedicated family interaction in P7,INHERITED / CONDITIONAL / EXCLUDED,Human/device/full-family visual acceptance remains where applicable; conditional and protected activation limits retained
S40,Supported staff recovery/reset and legacy signup routes,preserved,"Current sign-in help, renewal, staff session revocation and protected signup destinations. No public signup, new reset provider or credential change.",/studio/forgot-password; /studio/reset-password; /studio/signup,"Shared, conditional or missing dedicated template; see specification",P5 family register,Existing P4/P5/P6 disposition retained; no new dedicated family interaction in P7,INHERITED / CONDITIONAL / EXCLUDED,Human/device/full-family visual acceptance remains where applicable; conditional and protected activation limits retained
S41,Authorized private reference viewer,preserved,Private viewer matches Studio palette and retains contained imagery and authorized access. No new upload/deletion or public exposure claimed.,Shared or no dedicated template mapped,/studio/reference/[id],P5 family register,Real assigned/unassigned/reassigned private image checks,FRESH SAMPLED + INHERITED,Human/device/full-family visual acceptance remains where applicable; conditional and protected activation limits retained
S42,"Internal preview, state galleries, demo and environment diagnostics",preserved,Authenticated preview/state pages keep current environment guards and shared presentation. QA intake/retry/indexing paused; no production publication.,/design-lab,/[...path]; /[section]; /collectible-design; /; /pieces/[slug]; /preview/states/[kind]; /preview/states; /preview/studio/[...path]; /preview/studio/content/[id]; /preview/studio/content/new; /preview/studio/content; /preview/studio/media; /preview/studio/modules/[module]; /preview/studio; /preview/studio/products/[id]/form; /preview/studio/products/[id]; /preview/studio/products/new; /preview/studio/products,P5 family register,Existing P4/P5/P6 disposition retained; no new dedicated family interaction in P7,INHERITED / CONDITIONAL / EXCLUDED,Human/device/full-family visual acceptance remains where applicable; conditional and protected activation limits retained
S43,Inquiry card / printable summary,preserved,Ink-friendly authorized saved brief plus task metadata; no private images or edit controls. Request summary is not an invoice; only user-triggered print.,/studio/inquiries/[id]/card,"Shared, conditional or missing dedicated template; see specification",P5 family register,Existing P5 printable-summary evidence; no new print comparison,FRESH SAMPLED + INHERITED,Human/device/full-family visual acceptance remains where applicable; conditional and protected activation limits retained
