record,route,destinationAtReadback,candidateSource,releaseState,newPublishedRevision
page:home,/,Missing destination document; register through supported Studio workflow,"Homepage composer, P4-HOME-SECTION-DISPOSITION.md; current destination draft; P3 hero/journey slots",HELD; review and applicable publication authorization required,NOT PUBLISHED
page:imprint,/imprint,Missing destination document; register through supported Studio workflow,P1 registered factual candidate; canonical contacts; no invented address/registration,HELD; review and applicable publication authorization required,NOT PUBLISHED
page:site-copy,Shared interface,Missing destination document; register through supported Studio workflow,P2 shared-copy candidate; P6 review and whole-language fallback,HELD; review and applicable publication authorization required,NOT PUBLISHED
page:collectible-design,/collectible-design,Missing destination document; register through supported Studio workflow,p4-public-pages-release.json; protected catalogue selection,HELD; review and applicable publication authorization required,NOT PUBLISHED
page:memory-art,/memory-art,Missing destination document; register through supported Studio workflow,p4-public-pages-release.json; preservation guidance,HELD; review and applicable publication authorization required,NOT PUBLISHED
page:personal-art,/personal-art,Missing destination document; register through supported Studio workflow,p4-public-pages-release.json; personal-gift guidance,HELD; review and applicable publication authorization required,NOT PUBLISHED
page:journal,/journal,Missing destination document; register through supported Studio workflow,p4-public-pages-release.json; published article selections,HELD; review and applicable publication authorization required,NOT PUBLISHED
page:accessibility,/accessibility,draft 1; published 1; visible True,Retain current destination text/draft; use P4 section disposition and P3 assignments only after review,HELD; review and applicable publication authorization required,NOT PUBLISHED
page:architects,/architects,draft 1; published 1; visible True,Retain current destination text/draft; use P4 section disposition and P3 assignments only after review,HELD; review and applicable publication authorization required,NOT PUBLISHED
page:contact,/contact,draft 1; published 1; visible True,Retain current destination text/draft; use P4 section disposition and P3 assignments only after review,HELD; review and applicable publication authorization required,NOT PUBLISHED
page:faq,/faq,draft 1; published 1; visible True,Retain current destination text/draft; use P4 section disposition and P3 assignments only after review,HELD; review and applicable publication authorization required,NOT PUBLISHED
page:materials-care,/materials-care,draft 1; published 1; visible True,Retain current destination text/draft; use P4 section disposition and P3 assignments only after review,HELD; review and applicable publication authorization required,NOT PUBLISHED
page:our-story,/our-story,draft 1; published 1; visible True,Retain current destination text/draft; use P4 section disposition and P3 assignments only after review,HELD; review and applicable publication authorization required,NOT PUBLISHED
page:privacy,/privacy,draft 1; published 1; visible True,Retain current destination text/draft; use P4 section disposition and P3 assignments only after review,HELD; review and applicable publication authorization required,NOT PUBLISHED
page:process,/process,draft 1; published 1; visible True,Retain current destination text/draft; use P4 section disposition and P3 assignments only after review,HELD; review and applicable publication authorization required,NOT PUBLISHED
page:returns-cancellations,/returns-cancellations,draft 1; published 1; visible True,Retain current destination text/draft; use P4 section disposition and P3 assignments only after review,HELD; review and applicable publication authorization required,NOT PUBLISHED
page:shipping-delivery,/shipping-delivery,draft 1; published 1; visible True,Retain current destination text/draft; use P4 section disposition and P3 assignments only after review,HELD; review and applicable publication authorization required,NOT PUBLISHED
page:terms,/terms,draft 1; published 1; visible True,Retain current destination text/draft; use P4 section disposition and P3 assignments only after review,HELD; review and applicable publication authorization required,NOT PUBLISHED
DB001–DB036,/journal/[slug],36 existing version-1 articles,Retain article text/IDs; review nine P4 cover proposals against destination assets; no blanket republish,HELD; review and applicable publication authorization required,NOT PUBLISHED
