J081|The three collections provide different starting points for a conversation: collectible design, memory art and personal art. Begin with the purpose of the request rather than trying to classify every possible object perfectly.|Browse the collection closest to your intention and note which features interest you. If the idea crosses collections, describe that in the custom brief. Keep a short reference list instead of assuming a collection label determines feasibility. Use the current collection pages to check what is actually shown.|A keepsake intended as a gift may connect memory art and personal art. The brief can explain both meanings without creating two separate requests for the same idea.|Browsing or saving a piece does not reserve it or confirm a quotation. The conversation and final agreement remain separate.|Which purpose comes first?;What reference helps explain it?;Does the idea need a custom brief?
J082|Search works best as an iterative way to find references. If you do not know a product name, begin with a visible form, intended use or topic you can describe.|Try a short term, inspect the result types and refine it if needed. Compare the result title and description before opening it. If an exact phrase returns little, try a simpler word. Record useful page links so the later brief identifies the reference precisely.|A search for a table-related form may reveal both pieces and reading. Those results serve different purposes: one shows a catalogue reference, another helps prepare the discussion.|A search result is not confirmation of stock, suitability or an agreed service. Read the actual page and current policy where relevant.|What ordinary word describes the idea?;Which result type is useful?;What link should be kept for the brief?
J083|Applied filter chips show the choices currently narrowing a list. Reading them before changing the search can explain why an expected result is missing.|Look at each active chip and compare it with your intended search. Remove one restrictive choice at a time where the interface offers that control. Use Clear filters when you want a fresh view. Check the resulting list rather than assuming a filter promises a particular number of entries.|A narrow topic and journey combination may leave few results even when either category alone has more. Removing one choice helps identify the restriction.|Filters describe available indexed content. They do not create records, confirm product suitability or substitute for a direct inquiry.|Which chips are active?;Which restriction is unnecessary?;Did clearing it reveal a useful reference?
J084|A shortlist is most useful when every saved reference has a reason. Saving many pieces without notes can make the later conversation less focused.|Choose a small set and record the feature that matters for each: outline, colour relationship, use or a question. Keep conflicting alternatives labelled. Review the list before beginning a brief so superseded ideas do not look equally current. Retain the page links alongside your notes.|One saved piece may explain a preferred edge while another explains a room relationship. Neither necessarily represents a request to reproduce the complete object.|Saved pieces use this browser's storage and are not an order or reservation. They are not automatically shared across devices.|Why is each piece saved?;Which is an alternative?;What should the atelier compare?
J085|A one-page reference index connects images to decisions over time. It prevents the same image from acquiring a different meaning in every message.|Give each reference a short code, page link and purpose. Add the date first used and the decision it informed. Keep a status column for current, alternative or superseded. When a proposal arrives, link its version to the relevant reference rather than replacing the reference's original meaning.|Reference R2 might concern edge shape only. A later proposal can respond to R2 without implying that its colour or dimensions were also requested.|The index is a personal discussion aid. It does not turn an inspiration image into an approved design or material specification.|What does each reference explain?;Which decision used it?;Is its current status visible?
J086|An inquiry reference helps the atelier locate a saved request. Keep it somewhere you can find without relying on the continued availability of a private receipt link.|After a successful save, note the RLA reference and the date in your own records. Keep the reviewed summary where appropriate for your privacy needs. Use that reference when contacting the atelier about the same request. Avoid creating another inquiry solely to recover an existing one.|A receipt link and an inquiry reference are different. The private receipt access can expire while the saved inquiry remains available to the studio.|Current receipt access lasts up to 24 hours in the original browser. The website cannot confirm that a prepared WhatsApp message was sent.|Is the reference recorded?;Can it be distinguished from a proposal version?;What information will help identify the existing inquiry?
J087|Open WhatsApp and Copy are two ways to use a saved summary. Neither means the website has sent the message on your behalf.|Review the saved details first. Open WhatsApp can take you toward the conversation; Copy places the summary on the clipboard for pasting. Check the destination and pasted content before pressing Send yourself. A long brief may need copying rather than relying on a prefilled link.|If WhatsApp opens without the full expected text, use the saved receipt's Copy option and inspect the pasted result. Do not create another inquiry just to send the same details.|The website cannot verify whether you pressed Send or whether the recipient read the message. A saved request is not a confirmed order.|Is the summary complete?;Is the destination correct?;Have you deliberately sent the reviewed message?
J088|An unfinished form and a saved inquiry are different states. Before leaving a form, keep your important wording somewhere private that you control rather than assuming the website will recover every unsaved field.|If returning to an open form, review each field and reference before submitting. Look for a successful-save receipt before starting again. If a receipt already exists, use its reference for follow-up. Avoid relying on the browser's Back button as proof that a submission did or did not succeed.|A form still visible after an interruption may contain text without a confirmed save. Conversely, a saved inquiry may exist even if the message handoff was interrupted.|Do not assume unsaved form recovery or cross-device synchronization. Ask for help using the existing reference when a save is confirmed.|Was there a successful receipt?;Which fields need rechecking?;Is this an unfinished draft or an existing inquiry?
J089|A failed action needs a careful reading of the visible result. Repeating a submission immediately can create confusion about which attempt succeeded.|Read the error message and check whether a receipt or inquiry reference appeared. Correct a clearly identified field issue before retrying. If the outcome is uncertain, retain the visible details and contact the atelier rather than repeatedly submitting. Never include private access tokens in a public support message.|A message-handoff problem after a successful save is different from a failed save. The existing receipt can be used to copy or reopen the message without creating another request.|This guidance does not guarantee recovery from every network failure. The important distinction is whether a saved reference exists.|What action failed?;Was an inquiry reference created?;What can be checked before another submission?
J090|The language used to browse the site and the meaning of a saved request both deserve review. A translated interface does not remove the need to inspect names, dates and the actual summary.|Read the saved summary in the language and script it contains. Compare exact personalization text against your source. If a page falls back to English, do not assume an unseen translation has been approved. Keep any requested language correction separate from a design change.|A name entered in one script should be compared character by character after copying the summary into another application. Interface labels do not verify that text.|English fallback is explicit where reviewed translations are absent. Native-language accuracy needs an actual qualified reader, not an automated status assumption.|What language does the summary contain?;Is exact text preserved?;Which wording needs a fluent reader's check?
J091|A care question is easier to answer when the placement and use are described. A worksheet can gather those facts without guessing a cleaning method.|Record the piece reference, confirmed material and finish if known, current location and the activity that raises the question. Add relevant photographs and the care instruction you are trying to understand. Leave unknown properties marked as unknown. Ask one specific question at a time.|A concern about a surface near a window should include that placement context, while avoiding an unsupported claim that light caused the concern.|This worksheet is not a care instruction. Do not infer heat, moisture, chemical or food-contact suitability from photographs.|What is the confirmed specification?;What use or placement prompted the question?;Which instruction needs clarification?
J092|Placement conditions belong in a care discussion because the same general question may concern very different settings. Describe the real situation in plain language.|Note whether the piece is near a window, a heat source, moisture or frequent contact, without estimating technical exposure values you cannot verify. Explain normal use and any recent change. Include the piece's existing care information so the answer can be tied to the correct specification.|“The piece was moved beside this window last week” is useful context. “The window damaged it” is a diagnosis that has not yet been established.|Do not treat a placement photograph as proof that a material is suitable for that location. Ask for specific guidance.|What is nearby?;Has the placement changed?;Which facts are observed rather than inferred?
J093|Inspiration photographs describe an appearance, not a cleaning routine. Props and styling should not be read as evidence that a surface tolerates a particular use.|Find the care information for the actual piece and compare the confirmed material and finish. If an instruction is unclear, ask the atelier before trying a product or technique. Use the inspiration image only to explain the visual reference, with its source and limits labelled.|A tray shown beside candles does not prove heat resistance. A cup in a scene does not establish food-contact suitability or a safe cleaning chemical.|Do not experiment on a piece based on an editorial image. General imagery cannot replace item-specific care guidance.|What instruction applies to this piece?;What claim is only implied by a prop?;Which question should be asked before acting?
J094|Care notes are easier to use when they stay with the specification they concern. A loose instruction copied from another piece can be misleading.|Keep the piece reference, confirmed materials, finish and supplied care notes together. Date any later clarification and note who provided it. Mark superseded instructions clearly without silently combining them. If the specification is unknown, ask before borrowing guidance from a similar-looking object.|Two objects may look alike while having different confirmed finishes. A shared photograph does not establish that their care instructions are interchangeable.|Do not infer a care method from appearance or an unrelated product description. Use guidance for the actual piece.|Which piece does the note cover?;What specification does it reference?;Is a later clarification current?
J095|Everyday contact is a specific use question, not a property that can be assumed from an object's name. Describe what is intended to touch the surface and under what circumstances.|List the actual activities you want to discuss. Separate occasional placement from repeated use and identify any heat, moisture or cleaning questions. Refer to the confirmed piece and finish. Ask for clarification before treating an illustrative scene as permission.|Calling something a coaster or platter in a reference does not by itself establish temperature limits or food-contact suitability for a proposed custom piece.|This article supplies no performance limits. Those require the appropriate confirmed specification and guidance.|What will contact the surface?;How often?;Which suitability question remains unanswered?
J096|Useful concern photographs show context and detail without attempting a diagnosis. They help the atelier understand what you are reporting.|Take a whole-piece view and a closer view of the area, avoiding filters where possible. Note when the concern was first noticed and any relevant change in use or placement. Keep the wording observational. Include the inquiry reference if available and ask before attempting repairs.|“A lighter area is visible beside the edge in this light” describes an observation. It leaves room for the cause to be assessed appropriately.|The current returns policy asks for prompt reporting, preferably within seven days for visible damage; that preference is not an automatic rejection deadline. Consult the policy for full terms.|What is visible?;When was it noticed?;What context and reference will help the review?
J097|An appearance change is an observation; its cause is a separate question. Keeping those apart helps avoid an inaccurate diagnosis in a support request.|Describe the location, extent and viewing conditions of the change. Compare earlier photographs only if they show a relevant view. Note differences in lighting or camera angle. Provide the confirmed specification and any recent handling or placement changes you actually know.|A reflection visible in one photograph and absent in another may not show a material change. The comparison should acknowledge the different conditions.|Do not identify a defect, prescribe a treatment or make a warranty conclusion from photographs alone. Ask for piece-specific assessment.|What changed in the image?;What changed in the conditions?;Which cause remains unconfirmed?
J098|Relocating an existing piece creates a new set of access and placement questions. Discuss them before treating the original delivery arrangement as reusable.|Record the current and proposed positions, the route between them and any stairs, lifts or turns. Gather the piece's confirmed dimensions and any handling information already supplied. Ask what additional assessment is needed. Keep the new placement's use and conditions visible in the discussion.|Moving within the same building can still introduce a tighter turn or a different mounting surface. The distance alone does not describe the task.|Do not attempt heavy handling or reuse a mounting method based on this worksheet. Obtain appropriate piece-specific guidance.|What changes along the route?;What handling information exists?;What must be assessed at the new position?
J099|General care guidance should be read within its stated scope. A sentence about ordinary use is not automatically a guarantee covering every material, finish or condition.|Identify the piece and specification the guidance concerns. Read any limits and related instructions together. If a phrase seems broad, ask how it applies to your actual use rather than extending it yourself. Keep the answer with the current care record.|A general discussion of protecting surfaces does not establish an exact temperature limit or a lifetime performance promise.|Do not strengthen general advice into a warranty or certification. Confirm specific questions with the atelier and consult the applicable terms.|What is the guidance's scope?;Which limit matters?;What specific use still needs an answer?
J100|A general article reaches its limit when a decision depends on the actual piece. Recognising that point helps turn broad reading into a useful question.|Write the exact action you are considering and the information missing before you act. Gather the piece reference, confirmed specification and relevant photographs. Quote the short instruction you do not understand in your private message. Ask for clarification rather than testing an assumption.|“Which supplied instruction applies to this finish?” is more answerable than “Is this safe?” without a piece reference or description of the intended action.|Do not use general editorial guidance to select chemicals, repair methods or performance limits. Those require specific information.|What action is being considered?;What fact is missing?;What can the atelier use to identify the piece?
J101|A source ledger separates a brief, a proposal and a verified outcome. This prevents an attractive concept image from being promoted into evidence of completed work.|Give each source a stable reference and record what it actually supports. Label proposed ideas, approved specifications and observed outcomes differently. Keep private documents out of public captions. Link each factual sentence in a proposed story to its source before publication.|A proposal may establish the intended arrangement but not prove installation. A dated, permitted installation photograph answers a different question.|A source label is not verification by itself. Genuine project claims need actual evidence and permission; concepts remain concepts.|What stage does the source document?;Which claim can it support?;What evidence is still missing?
J102|An actual installation and a concept scene can look equally convincing on a screen. The label and source are therefore essential parts of how the image is understood.|Look for an explicit disclosure and a source record. Describe a concept as a visualization used to explore an idea. For a genuine installation story, require project-specific evidence and permission. Avoid adding a customer, location or completion date merely to make a caption feel complete.|A table pictured beside a mountain view may be a useful room-composition reference. It is not evidence that the atelier installed a table in that location.|Do not infer real-world events from photorealism. A concept does not count as a completed customer project.|What is the image classified as?;What source supports that classification?;Which claim would go beyond it?
J103|A detail photograph needs context so the reader understands what it is a detail of. This is especially important when several related forms appear in one project or concept.|Pair the detail with a labelled wider view where available. Identify the area shown without inventing hidden construction. Explain why the detail matters to the story. If the wider view is unavailable, state that limit instead of implying a complete visual record.|A close-up of a blue edge can explain a colour boundary, but it cannot show the object's full proportions or room placement.|Several details do not create several projects. Keep all views tied to the same source identity where appropriate.|Where does the detail belong?;What decision does it explain?;What context is unavailable?
J104|A project image should earn its place by explaining something. Selecting by visual attractiveness alone can leave the actual design decision unclear.|Write the decision in one sentence, then choose the image that helps a reader understand it. Add a second view only if it contributes different information. Label concepts and verified photographs accurately. Keep private or identifying details out unless their publication is permitted.|A wider image may explain the relationship to seating, while a close-up explains an edge transition. Two nearly identical angles may add little.|Image selection cannot supply missing evidence about a customer, material property or completed installation.|Which decision does each image explain?;What new information does the second view add?;Is the caption supported?
J105|A trustworthy caption says what is known and leaves unknowns open. Specificity should come from evidence, not from a desire to make the story sound complete.|List the visible subject, the source classification and the reason it is shown. Check any name, location, date or material claim against its source and permission. Remove details that cannot be supported. Keep private evidence in the register, not in the public caption.|“Concept room study exploring a blue accent beside brown grain-like lines” describes an intention without inventing a client, timber species or installation.|A filename or visual resemblance is not enough to verify a factual claim. When uncertain, use narrower wording.|What is visible?;What is verified?;What should remain unstated?
J106|Before-and-after imagery makes a claim about a change. It needs evidence that the images concern the same subject and that their sequence and context are accurate.|Record the source, date and subject identity for both images. Explain relevant differences in viewpoint or lighting. Confirm permission for the proposed use. State the actual change without attributing causes that the evidence cannot establish.|A concept rendering beside a different room photograph is not a verified before-and-after pair. It can be shown as a proposal comparison only with a clear explanation.|Do not manufacture an outcome by pairing unrelated images or treating a visualization as the “after” photograph.|Is the subject the same?;Is the sequence supported?;Does the caption accurately describe the comparison?
J107|Public attribution is a choice that needs a recorded scope. A customer's private identity and the name permitted on a website may be different.|Keep the original feedback source private. Record the exact public attribution approved for the intended use. Check whether images, location details or a longer story have separate permissions. Review the final public presentation against those limits.|Permission to use initials with a quote does not automatically authorize a full name, portrait or location in a related card.|Do not invent an attribution to fill a design. Fictional samples must remain labelled and unattributed as customer feedback.|What attribution is permitted?;Which use does it cover?;Does the final presentation stay within that scope?
J108|A testimonial is a sourced account from a real person; a marketing headline is editorial wording. Keeping them distinct prevents promotional language from being mistaken for customer evidence.|Preserve the original quote and its private source. Compare any edited version against the meaning and allowed use. Keep editorial headings outside quotation marks and clearly separate from the testimony. If a statement is fictional, disclose that prominently before the text.|A heading such as “A considered process” can introduce a topic, but it should not be styled as a customer's quote unless the source actually said it and publication is permitted.|No rating, identity or customer experience should be generated to strengthen a testimonial. Translations remain the same feedback record.|Which words come from the source?;Which are editorial?;Is permission recorded for the exact public use?
J109|Related reading should add a new question or perspective. Repeating the same story under another title makes an archive harder to navigate.|Compare the purpose of the current entry with each proposed related link. Choose a link that answers a next question, supplies context or explains a limit. Record why it is related. Avoid creating new entries solely to hold another image or translation of the same story.|A room-photography worksheet can lead to an access-measurement guide because it advances the brief. Another nearly identical photography article may not.|A related link does not establish that the records describe the same real project. Keep identities and classifications distinct.|What new question does the link answer?;Does it repeat the current entry?;Is the relationship clear to the reader?
J110|An image-by-image permission ledger makes public use easier to review. Different images in one story may have different sources, subjects and allowed uses.|Assign each image a stable reference. Record its source, classification, proposed caption, identifying details and permission scope. Link approval to the exact version selected. Keep the ledger private while exposing only the approved caption and disclosure publicly.|A permitted object photograph and an unapproved room photograph should not inherit the same status merely because they sit in one folder.|Folder access is not proof of publication rights. Unknown permission remains pending, and concepts still need truthful classification.|Who supplied each image?;What use is permitted?;Which selected version was reviewed?
J111|A decision log helps a long conversation remain understandable. It should distinguish a suggestion, a response and an agreement rather than flattening them into a single timeline.|Record the date, subject, proposal version and decision status. Link to the message or document that supports an agreement. Keep unresolved questions visible at the top. When an idea changes, note what it replaces without deleting the earlier context.|A new colour reference may be a suggestion awaiting review, while the previously agreed dimensions remain current. The log should not imply both changed together.|A personal log does not create agreement. Confirm changes with the atelier and keep the actual approved specification identifiable.|What is the current status?;What source supports agreement?;Which questions still affect the next step?
J112|A useful summary states both what is agreed and what remains open. Silence on a topic should not be interpreted as acceptance.|Make separate lists for confirmed decisions, current preferences and unanswered questions. Attach each confirmation to its source or proposal version. Ask the other party to correct the summary where needed. Keep later changes dated and specific.|A preferred finish may remain under discussion even after a dimension has been agreed. Naming both statuses prevents an all-or-nothing interpretation of the conversation.|The website's saved inquiry does not confirm production, payment or delivery. Those require separate agreement.|What is explicitly confirmed?;What is only preferred?;What answer is still needed?
J113|A concise follow-up is easiest to answer when it concerns one decision and identifies the current reference. Repeating the entire brief can hide the new question.|Begin with the inquiry reference and relevant proposal version. State the specific question, why it matters and any date by which you hope to receive clarification. Include only the references needed for that question. Avoid presenting a requested response date as an agreed deadline.|A message asking whether one dimension can change should identify the current dimension and the proposed alternative, rather than attaching several unlabeled drawings.|A follow-up is a request for discussion, not an automatic amendment or confirmation of availability.|Which record is this about?;What changed or needs an answer?;Which attachment directly supports the question?
J114|Reference numbers serve different purposes. An inquiry identifier locates a saved request, while a proposal version identifies a particular design or quotation document.|Keep a small index with the inquiry reference, current proposal version and date. Use the relevant identifier in each follow-up. If a message concerns both the request and a specific revision, include both. Do not treat a website receipt number as proof that a quotation is accepted.|An RLA reference can help find the conversation, but “proposal v2” explains which set of details the question concerns. One cannot replace the other.|A reference is an identifier, not evidence of payment, approval or a production booking.|Which identifier locates the inquiry?;Which identifies the proposal?;What status does neither identifier prove?
J115|New ideas should remain separate from an agreed specification until the change is accepted. This protects the meaning of the existing agreement while allowing discussion.|Label the new idea as a proposed change and identify the current specification version. Describe exactly what would change and what should stay the same. Ask about feasibility, implications and the revised approval step. Keep the response with the decision log.|A proposed wider top should not silently replace the approved dimension in an old screenshot. Show the current and proposed values separately.|Submitting a new preference does not guarantee a change can be made. Consult the current changes and cancellations policy and the atelier.|What is currently agreed?;What is proposed?;What response is needed before updating the specification?
J116|A completion-date discussion needs the design and practical questions that influence timing. A preferred date alone cannot establish a schedule.|List unresolved design choices, material questions, approvals and delivery arrangements. Identify which are still awaiting information from you. State the desired date and any flexibility. Ask for an individual estimate once the relevant scope is clear.|If the final dimensions and destination are undecided, a date request should acknowledge those unknowns rather than assuming a fixed production and transport plan.|The website does not confirm a production booking. Production and delivery estimates are agreed individually.|Which decisions affect timing?;What information is still missing?;What date has actually been confirmed?
J117|A change question is easier to discuss when it refers to the relevant current policy. Read the whole applicable section rather than relying on a remembered sentence.|Identify whether the question concerns design changes, cancellation, delivery or a reported concern. Open the corresponding policy and note the part that seems relevant. Describe the actual stage of the request and ask for clarification where needed. Keep the inquiry reference with the message.|A request before approved production begins is not automatically the same as a change after work has started. The policy distinguishes stages and circumstances.|This worksheet does not replace the policy or determine legal rights in an individual case. Do not shorten conditions into a blanket promise.|Which policy applies?;What stage is the request at?;Which condition needs clarification?
J118|A contact-preference change should be explicit and linked to the existing inquiry. This helps avoid treating a communication update as a new design request.|Identify the inquiry and state the preferred channel or corrected contact detail through an appropriate private route. Explain whether the previous detail should no longer be used. Keep unrelated design changes in a separate paragraph. Ask for confirmation when needed.|Changing the preferred contact number does not itself change the delivery address or personalization text. State those separately if they also need discussion.|Do not post private contact details in public comments or captions. A preference update does not establish that every record has already been changed.|Which detail is changing?;Which details stay the same?;Has the correction been acknowledged?
J119|The final Send action is a useful review point. The prepared summary may have passed through a clipboard, another application or an edited conversation window.|Compare the recipient, inquiry reference, names, dates, paragraphs and attachments with the saved summary. Check that no unrelated clipboard text was included. Read any added sentence as a new request rather than part of an already agreed specification. Press Send only after that review.|A pasted summary can lose line breaks or be followed by an old draft message. Checking the whole composer catches errors that the original website preview cannot see.|The website prepares the message but cannot confirm that it was sent or read. Saving remains distinct from agreement.|Is the destination correct?;Is the entire summary present?;Does any added wording change the request?
J120|A conversation can pause productively when the outstanding decisions are clear. Closing with a named next step prevents an unanswered question from looking settled.|Summarise the current decision, the remaining question and who will supply the next piece of information. Identify the relevant version or reference. If a date is only a preference, label it that way. Keep the summary short enough to be checked against the conversation.|“I will send the checked doorway dimensions; the proposed width remains open” is clearer than “Everything looks good” when access has not been assessed.|A closing summary does not replace recorded approval or create a delivery commitment. Keep unanswered items visibly pending.|What happens next?;Who supplies the information?;Which decision must remain open until then?
