J001|A useful room photograph explains a decision. A beautiful photograph may hide the very corner, opening or obstruction that matters to a proposed piece. Start by deciding what someone who has never visited the room needs to understand.|Take one view from the normal entrance, another facing the proposed position and a closer view of any obstruction. Keep the camera level where practical. Label the position on a small sketch so the three images can be related. Note objects temporarily moved for the photograph; an empty corner can otherwise look permanently available.|A chair removed for the photograph still needs space when the room is used. Write “chair usually here” on the accompanying sketch instead of expecting the reader to infer it.|A photograph cannot confirm dimensions, structural suitability or accurate colour. Keep personal photographs, addresses and reflective views of private areas out of the frame.|Where was the camera?;What normally occupies the proposed position?;Which view explains the constraint best?
J002|Light observations are more useful when they include when and where they were made. A single bright image can suggest a room is consistently sunny even if the proposed position is shaded for most of the day.|Choose the same viewpoint at two or three times you normally use the room. Record curtains, artificial lights and weather alongside each image. Compare where highlights appear rather than ranking the photographs by attractiveness. Describe the difference in ordinary words: direct light, reflected light or a darker corner.|A surface that appears bright near the window in the morning may read quietly from the sofa in the evening. Those are two viewing conditions to discuss, not two competing specifications.|Phone exposure changes brightness automatically. These observations do not establish UV exposure, colour accuracy or the suitability of a material for a location.|When is the room used?;Which lights were on?;Where does glare interrupt the view?
J003|A doorway view helps identify what a visitor sees before entering a room. It is one viewpoint among several, but it can explain why a proposed focal piece feels hidden or crowded.|Draw a simple doorway rectangle and a line toward the proposed object. Mark the objects that interrupt that line. Then repeat from the main seated position. Use different line styles for each viewpoint so the drawing remains readable. Record whether doors are normally open or closed.|A console might be visible from the hall but concealed by the open door. Sketching both door positions makes that conflict clear before discussing the console's shape.|Sightline sketches describe visibility. They do not establish safe circulation, door clearance or a final installation position.|What is seen first?;What interrupts the line of sight?;Does the seated view tell a different story?
J004|An inventory of a room's existing objects can reveal what a new piece must work with. The aim is to understand relationships, not to judge which belongings deserve to stay.|List the objects that will remain, their main visual features and their everyday uses. Put movable accessories in a separate group from furniture or fittings. Mark any object whose position is still undecided. A quick annotated photograph can keep this inventory short and concrete.|A dark cabinet, patterned rug and bright wall art each draw attention differently. Calling all three “bold” loses information; describe the cabinet's mass, the rug's pattern and the artwork's colour separately.|An inventory is a planning record, not permission to replace existing objects. Do not assume the new piece should match every material already present.|Which objects stay?;Which positions are fixed?;What is visually or functionally important about each?
J005|Sometimes a room brief becomes clearer by naming what should be reduced: competing outlines, repeated accents or a crowded view. This is a discussion about visual priorities, not a rule that rooms must be minimal.|Look from a usual seat and list the first few things you notice. Identify the one relationship that feels unresolved. Test the idea on a photograph by covering a small area with paper rather than immediately removing furniture. Write down what becomes easier to see and what is lost.|If covering a bright accessory makes a favourite artwork more noticeable, the useful observation is about competition for attention. It does not automatically mean the accessory should be discarded.|A photograph flattens depth and daily activity. Any change must still support the people using the room and the objects they value.|What competes for attention?;What becomes clearer when one element is quieter?;What should remain expressive?
J006|A favourite object provides a specific starting point for a room brief. Its importance may come from memory, use or appearance; these reasons can lead to different design decisions.|Describe why the object matters before describing its colour. Record the views from which it should remain visible and any space it needs for use. Select one relationship a future piece could share with it, such as a curve or a quiet tonal contrast. Keep other similarities optional.|A family chair might be valued for its familiar silhouette rather than its timber colour. A new table could leave that outline visible without imitating the chair's finish.|The existing object is a reference, not a source of verified material information. Avoid inferring its species, age or construction from appearance alone.|What must remain visible?;Which relationship is worth carrying forward?;Which differences would be welcome?
J007|Comparing two positions on paper can reveal which questions deserve a site check. Keeping the same proposed object outline in both options makes the comparison easier to understand.|Label the options A and B on one room sketch. Record nearby openings, seating and fixed fittings in each. Use the same stated scale if you have reliable dimensions; otherwise label the study approximate. Compare normal use, visibility and unresolved access questions in separate columns.|Option A may offer a clearer doorway view while option B sits closer to seating. Neither advantage settles the decision until the intended use is agreed.|A sketch cannot confirm fit or access. Do not present a paper comparison as an approved position or use it to avoid checking the room.|What improves in A?;What improves in B?;Which missing fact could change the choice?
J008|A shared room needs a brief that makes different uses visible. Combining everyone's preferences into one vague sentence can conceal practical conflicts.|Ask each regular user to describe an ordinary activity, a valued feature and a difficulty. Group answers by activity rather than by person. Note where uses happen at different times and where they overlap. Keep a short list of decisions that require a shared choice rather than implying consensus.|One person may read beside a window while another uses the same area for conversation. The brief can preserve both activities without prematurely choosing one piece to solve everything.|This exercise records perspectives; it does not replace accessibility advice or determine what every user can comfortably use.|Which activities overlap?;Whose needs are missing from the notes?;What still needs a shared decision?
J009|Atmosphere becomes easier to discuss when adjectives are connected to visible choices. Words such as calm, warm or dramatic mean different things to different people.|Choose two descriptive words, then give each a concrete example from the room or a reference. Explain what you mean by the word and what you do not mean. Rank the two if they conflict. Add one practical requirement so the mood discussion stays connected to everyday use.|“Quiet” might mean an uncluttered outline rather than pale colour. A dark, simple object could fit that intention while a pale object with a busy edge might not.|Mood references are subjective. They do not establish a product, finish, material performance or an exact outcome.|Which visible feature supports the word?;What interpretation would be wrong?;Which daily use must the atmosphere support?
J010|Separating a constraint from a preference makes a brief easier to revise. A fixed opening and a preferred colour should not carry the same status merely because both appear in one list.|Create three columns: verified site facts, preferences and questions. Put the evidence beside each fact, including who measured it and when. Give preferences a reason and a priority. Move uncertain statements into questions rather than treating confident wording as proof.|“This door opens into the proposed position” can be checked on site. “I would like a rounded edge” is a preference to discuss. “The piece will fit through the lift” remains a question until assessed.|Calling something a requirement does not prove feasibility. Final specifications and access arrangements need their own confirmation.|Which statements have evidence?;Which preferences can change?;Which unknowns block the next decision?
J011|A measurement is only useful when the reader knows what its endpoints represent. Start with the proposed position and the surrounding space rather than sending an isolated number.|Mark a reference corner or wall edge on a sketch. Record width, depth and height separately with units and the date. Label each measurement as approximate or checked. Add nearby openings and fixed obstructions so the available position is not confused with the desired object size.|A wall length of 240 centimetres does not mean a 240-centimetre piece is appropriate. The sketch should distinguish the wall, the proposed footprint and space whose use still needs discussion.|Initial measurements are discussion inputs, not approved manufacturing dimensions. Do not assume photographs correct a missing measurement.|What are the endpoints?;Are the units visible?;Does the number describe the room or the proposed piece?
J012|A doorway record needs more than a front-facing photograph. The opening direction and what sits on either side can matter as much as the visible frame.|Photograph the doorway from both approaches. On a sketch, mark the hinge side, the usual open position and nearby obstacles. Record measured openings only where they can be checked safely. Note whether the door or fittings can change position; leave that as a question if unknown.|A wide-looking doorway may lead immediately into a narrow turn. Pairing the doorway view with the approach view prevents the opening from being considered in isolation.|This is an access discussion aid. It does not certify that an object can pass through or authorize removing doors or fittings.|Which way does it open?;What happens immediately before and after it?;Which measurements remain uncertain?
J013|A first access survey should identify the points that need professional confirmation. It is more useful to record uncertainty than to conclude that a staircase or lift “looks large enough.”|Sketch the sequence from arrival point to room. Identify lift entrances, internal lift space, landings and changes of direction. Record building restrictions you actually know and mark the rest as questions. Use photographs taken from safe positions; do not attempt to simulate carrying a heavy piece.|A lift may accommodate a footprint but still have a restrictive entrance or awkward approach. Recording these as separate locations helps the transport discussion.|No self-measured access sheet guarantees transport or installation. Serviceability, handling, charges and installation are confirmed individually under the current delivery policy.|Where does direction change?;Which building rules need checking?;Who can confirm the uncertain access details?
J014|A sketch without units can turn a helpful drawing into an ambiguous instruction. A named reference edge also makes later revisions easier to compare.|Put the unit in the drawing title and beside unusual measurements. Name one reference corner and measure from it consistently. Distinguish object dimensions from clear room dimensions. If a value is estimated, write that next to the value rather than relying on a general disclaimer elsewhere.|Two arrows labelled 90 and 120 could mean centimetres, millimetres or an unfinished note. “Approximate centimetres, measured from window-side corner” gives the numbers an interpretable context.|A clean drawing is not automatically an accurate one. The person responsible for final dimensions must confirm the measurements before they become specifications.|Are units repeated where needed?;Is the reference edge identifiable?;Are estimates visibly marked?
J015|A difficult turn needs a sequence of views. One close-up may show the obstruction while hiding how a piece would approach it.|Take an approach view, a view facing the turn and a view looking back, without entering an unsafe position. Number the photographs in travel order. Mark the same corner on an accompanying sketch and describe anything outside the frame, such as a railing or projecting fitting.|A corridor bend can look open in a photograph taken after the turn. Adding the approach view reveals why the turning point deserves closer assessment.|Photographs support a transport discussion but cannot establish turning clearance or a safe handling method. Do not attempt a risky trial movement.|What lies outside the frame?;Can the sequence be followed?;Which restriction needs a measured check?
J016|The footprint of an object and the space used around it are different parts of a brief. Comparing both prevents a plan from considering only whether an outline fits.|Draw the proposed footprint separately from surrounding activities. Mark where chairs move, doors swing or people pause. Use paper shapes for a first comparison and label any dimensions approximate. Discuss the activity that creates the tightest condition rather than assuming an empty-room photograph represents daily life.|A table outline can fit between walls while chairs need additional space during use. The purpose of the sketch is to expose that question, not to prescribe a universal clearance.|Paper layouts cannot certify accessibility, safety or fit. Final dimensions and movement space need a specific review of the room and users.|What moves around the object?;When is the position most crowded?;Which activity determines the next measurement?
J017|Dimensions become more meaningful when each is tied to a use or relationship. A list of preferred sizes is a starting point for discussion, not a finished specification.|Separate overall dimensions, visible proportions and the room measurements supporting them. Record why each matters. Identify details that depend on another decision, such as a height related to existing seating. Leave unknown construction or mounting dimensions for the appropriate discussion.|A preferred console width may be about its relationship to a wall picture. Writing down that reason leaves room to revise the number while preserving the design intention.|Do not infer structural dimensions, load limits or mounting requirements from a visualization. Final design and dimensions require recorded approval.|Which number supports which purpose?;What depends on another decision?;Who will confirm the final specification?
J018|Approximate measurements are useful when their status stays visible. Problems arise when an early estimate is copied into a later document without its qualification.|Add status, date and source columns to your measurement sheet. Keep the original estimate when a checked value arrives, but mark it superseded. Use one clearly labelled current sheet for discussion. If two sources disagree, record the disagreement and ask for confirmation rather than averaging them.|An early sketch might say “about 180 cm.” A later checked value should not silently replace it in a screenshot that still appears to be the original drawing.|Neither repetition nor a polished layout turns an estimate into approval. Production dimensions remain a separate agreed record.|Which values are estimated?;Which have been superseded?;Is the current sheet easy to identify?
J019|Changing the intended room can change the brief even when the preferred object stays the same. The new position deserves its own record rather than an informal note added to an old photograph.|Date the location change and identify the new room without unnecessary private detail. Review dimensions, access, light and surrounding objects again. List which preferences carry over and which assumptions no longer apply. Send the change against the existing inquiry reference when one exists.|A piece discussed for an open living area may later be considered for a hallway. The visual intention may survive while access and everyday movement questions change substantially.|A proposed relocation does not amend an agreed specification or confirm feasibility. Ask the atelier to review the change before treating it as accepted.|What is different about the new position?;Which old measurements are no longer relevant?;What needs renewed agreement?
J020|A shared measurement sheet should make responsibility visible. An architect, client and atelier may each contribute information without all confirming the same facts.|Give the sheet a title, date and version. Include a small plan, units, named reference points and a column for who supplied each value. Separate site measurements from desired object dimensions. Add unresolved questions and a place to record the later confirmation, rather than leaving a blank that could be mistaken for approval.|A client can identify a preferred position while an architect supplies a measured wall length. Keeping those contributions distinct makes the handover easier to review.|The sheet does not allocate professional responsibility by itself. The parties still need to agree who verifies site conditions and final dimensions.|Who supplied each value?;What version is current?;Which confirmation is still missing?
J021|Curved and straight outlines can be compared without deciding the final object. The useful question is how each outline relates to the room and its existing forms.|Trace two alternatives at the same stated scale or clearly label them approximate. Place each in the same room sketch. Compare visible mass, edge relationships and movement questions separately. Keep colour out of the first comparison if it distracts from the outline.|A curved outline may soften the visual relationship to a rectangular rug, while a straight edge may align with nearby cabinetry. Those are different intentions, not universal advantages.|An outline study does not establish edge safety, usable dimensions or construction feasibility. Those require a later specification.|Which relationship changes with the curve?;What remains comparable?;Which practical question needs checking?
J022|Empty space is part of an arrangement because it affects how objects are read together. It should be described intentionally rather than treated as whatever remains after placement.|Draw the main objects as simple filled shapes. Look at the gaps between them and around the whole group. Compare a tighter and a looser arrangement using the same objects. Note whether each reads as one group or several independent elements.|Two objects placed close together may read as a pair. Moving one farther away can make both feel separate even though neither object changes.|Visual spacing is not a substitute for safe access or mounting advice. Real dimensions and use must be considered before an arrangement is fixed.|Which gaps define the group?;Where does the eye pause?;What space is needed for use?
J023|A pair with different heights can create a relationship without looking identical. Start by deciding whether the pair should act together or serve different positions.|Sketch the two profiles side by side and from the usual viewing angle. Mark the proposed shared feature, such as a colour direction or edge rhythm. Describe how each is intended to be used. Compare overlap in the drawing without assuming the pieces can nest or stack.|A taller form behind a lower one might create depth in a composition. That drawing alone does not mean their bases, stability or surfaces are compatible.|Nesting, stacking and loading are functional claims requiring confirmation. Keep a visual pairing separate from those claims.|What connects the pair?;What makes each distinct?;Which function needs independent confirmation?
J024|Repetition can come from a shared detail rather than exact copies. A brief becomes more flexible when it identifies what repeats and what may vary.|Choose one recurring element: an outline, a tonal relationship or a spacing rhythm. Make a small comparison sheet showing variations around that element. Label intentional differences. Review the group from a distance as well as each item separately.|A set might repeat a blue accent while allowing each grain-like pattern to differ. The recurring colour direction provides continuity without promising identical visual marks.|Natural-looking variation in an illustration does not establish how real materials will vary. The final method and acceptable variation need discussion.|What repeats?;What may vary?;How will the group be recognised without identical details?
J025|The wall around a piece influences its composition. A reference cropped tightly to the artwork cannot explain its relationship to nearby openings, furniture or light.|Photograph the wall broadly, then mark the proposed viewing area on a copy. Add the outline of nearby furniture and openings. Compare the composition from the entrance and a usual seated position. Keep mounting questions on a separate list.|A frame may appear centred on the wall but off-centre relative to a console beneath it. Decide which relationship matters before requesting a final position.|A composition sketch does not confirm a wall's mounting suitability, fixing method or load capacity. Those need specific assessment.|What is the visual reference line?;Which surrounding element anchors the composition?;What mounting question is unresolved?
J026|Three doorway views can reveal a console position that looks balanced only from one angle. The comparison is most useful when the images are taken under similar conditions.|Photograph from the threshold, one step to the left and one step to the right where safe. Keep the proposed position marked consistently. Note what disappears behind the door, furniture or wall return. Compare the whole silhouette before concentrating on details.|A waterfall-like end may be prominent from one side and almost invisible from the other. The brief can then explain which approach view matters most.|Different viewpoints do not prove the reference image depicts an actual room or installed piece. Label concept imagery and site photographs separately.|Which part remains visible in every view?;Which approach matters most?;What does the preferred photograph conceal?
J027|A low object's relationship to seating is both visual and practical. Begin with the seating that will actually remain in the room rather than a generic styled reference.|Draw the object and nearby seats in plan and side view. Record the intended activity and the main viewing position. Separate preferred proportions from measured seating dimensions. Ask about practical use before treating a visual alignment as a specification.|A low round form might look quiet between two chairs, but the drawing must still explain how people approach and use the area. Appearance alone cannot answer that.|Do not infer comfortable reach, stability or suitability from a room scene. The real users and confirmed dimensions need review.|Which seating stays?;What activity connects the objects?;What must be checked beyond appearance?
J028|A sculptural object may change substantially as the viewer moves. A single front view can therefore give an incomplete brief.|Choose a primary view and two secondary views. Describe the silhouette, visible openings and apparent depth in each. Note whether the object is intended to be seen from all sides or against a wall. Keep observations about the image separate from proposed changes.|A clear block can appear dense from one angle and open from another because the contents overlap differently. That change may be part of the visual interest.|Transparency in a picture does not establish optical quality, weight or structural properties. A concept view is not a fabrication specification.|Which view carries the main idea?;What changes from the side?;Will the back be visible?
J029|A crowded room brief needs a stated visual priority. Without one, every reference may compete to become the main feature.|List the objects or areas you want people to notice, then rank only the first two. Describe why each matters. Test the proposed new object as a quieter companion and as a stronger focal element in separate sketches. Compare what each option asks the rest of the room to do.|A cherished wall piece may remain the priority while a table supports it through a simpler outline. Choosing that relationship avoids asking both to dominate the same view.|A priority is a preference for discussion, not a rule about taste. Other users may need a different practical arrangement.|What should be noticed first?;What supports that choice?;Which competing feature can become quieter?
J030|Paper outlines make early scale discussions tangible without pretending to be finished prototypes. Their value is in the questions they reveal.|Draw or cut an approximate outline and label its scale and assumptions. Place it on a room plan or use a safely positioned paper marker in an unobstructed area. Compare two options using the same reference edge. Record the difference in words as well as dimensions.|A longer outline may align with a wall feature but occupy more of a circulation area. The comparison can identify the next measurement to verify.|Paper does not represent height, weight, stability or actual handling. Avoid leaving markers where they could create a trip hazard.|Which assumption is being tested?;What does the outline omit?;Which option needs a more accurate check?
J031|Words about transparency can describe what is visible without claiming how a material is made. Start with the image's observable layers.|Describe whether background shapes can be seen, whether edges appear clear or cloudy and where colour seems concentrated. Compare a whole-object view with a detail. Use phrases such as “appears translucent in this image” when the evidence is only photographic.|A blue channel may show lighter areas near an edge and darker areas in its centre. That is an observation about the image, not a measurement of depth or a formula.|An image cannot certify composition, clarity, ageing behaviour or performance. Confirm material details separately.|What can be seen through the surface?;Where does apparent depth change?;Which words describe appearance rather than properties?
J032|Reflections can reveal viewing conditions while also disguising surface details. Reading them carefully helps avoid confusing the room reflected in a surface with the surface itself.|Identify bright shapes that may come from windows or lights. Compare their direction with nearby features. Look for another angle before describing a mark as part of the material. If uncertain, record both interpretations and request clarification.|A pale stripe across a dark top might be a window reflection rather than a coloured band. Naming it as a reflection candidate keeps the brief accurate.|A photograph cannot establish gloss level, scratch resistance or surface condition with certainty. Do not diagnose a defect from a single reflected highlight.|What might be reflected?;Does another view resolve it?;Which detail remains uncertain?
J033|Grain-like pattern and screen colour are separate observations. A reference can communicate the rhythm of a pattern even when its displayed colour is unreliable.|Describe line direction, contrast and spacing before naming a hue. Record which of these matters most. Compare the same reference at whole-object and detail scale. Avoid assigning a timber species unless a reliable source identifies it.|A sweeping pattern may be the attraction even if the warm brown shown on one screen looks cooler on another. The brief can prioritise pattern while leaving colour confirmation open.|Screen images do not identify species, provenance, finish or an exact colour match. Those belong in the confirmed specification.|Is pattern or colour the priority?;What scale is the detail shown at?;What material information needs a source?
J034|A macro image explains a detail; a whole-object view explains where that detail belongs. Pairing them prevents a small feature from being mistaken for the dominant appearance.|Label the detail's location on the wider image. Compare its visual importance from near and far. Note whether the close-up exaggerates texture, contrast or depth relative to normal viewing. Keep both views in the reference set with different captions.|A gold-coloured fleck may dominate a close-up yet be subtle across the object. The brief should say whether that subtlety or prominence is desired.|A close-up does not establish the physical size of a feature unless a trustworthy scale reference is provided.|Where is the detail located?;How prominent is it in the whole?;Does the close-up change the intended emphasis?
J035|A visual reference and a material certificate answer different questions. The first can show an appearance; the second must come from an appropriate source and identify what it covers.|For each reference, write one visible observation and one claim it cannot support. Keep documents about material identity or testing separate from mood images. If a property matters to the intended use, ask what evidence is available for the actual proposed material and finish.|A glossy blue surface can suggest a colour direction. It cannot establish heat resistance, food-contact suitability or a certification simply because an image includes a cup.|Do not create performance claims from props, filenames or generated imagery. Unverified properties remain questions.|What does the image actually show?;Which property matters to use?;What evidence would answer that question?
J036|A polished-looking surface can be described without guessing its finish system. Focus on how light and surrounding shapes appear in the image.|Note whether reflections look sharp or diffuse and whether the edge reads as continuous or interrupted. Compare more than one angle if available. State which visual quality you prefer, then ask how the proposed finish would be specified and reviewed.|“I prefer a calm, continuous reflection” is a visual preference. “This has a particular coating” is a technical claim that requires a source.|Appearance alone does not establish coating type, durability, cleaning method or maintenance needs.|Which reflection quality matters?;Is it consistent across views?;What finish information needs confirmation?
J037|Different photographs can show the same surface differently because the viewing conditions differ. Begin by comparing the conditions before deciding the finish has changed.|List the light source, camera angle, surrounding colours and image crop where known. Mark unknowns rather than filling them in. Ask for a contextual view or clarification tied to the actual piece. Keep the preferred appearance separate from a claim about what caused the difference.|A warm room light and a daylight window can produce different-looking photographs. The useful request is for clarification under relevant conditions, not an automatic demand to reproduce one screenshot.|Do not diagnose a material problem or promise a colour match from this comparison.|Which conditions are known?;What remains unexplained?;Which view is relevant to the intended placement?
J038|Plain language can produce a more useful material discussion than uncertain technical terms. Describe the visual relationship you want before attempting to name a process.|Write observations in pairs: clear beside opaque, fine pattern beside broad colour, quiet edge beside a stronger centre. Rank the pairs by importance. Add a reference for each and explain what part of the reference matters. Leave composition and performance as separate questions.|A request for “a restrained blue accent beside visible grain” communicates a direction without claiming a resin formula, timber species or finishing technique.|Descriptive language supports a brief but does not replace an agreed material specification or care instructions.|Which relationship is essential?;Which reference explains it?;Which technical term needs clarification?
J039|A cropped detail can hide scale, supports and the surrounding room. Before using it as the main reference, list what lies outside the frame.|Pair the crop with a wider view where available. Mark the area shown and identify missing context. Decide whether the detail is being used for colour, edge shape or another specific reason. Avoid treating absent information as evidence that a feature does not exist.|A close-up of a waterfall-like corner may omit the base and opposite side. It cannot establish the whole object's construction or whether the same detail repeats.|Missing context remains unknown. Do not invent hidden structure or an unseen installation to complete the story.|What does the crop exclude?;Why was this detail selected?;Which wider view would help?
J040|A material discussion becomes clearer when observations, preferences and questions are kept apart. This allows the atelier to respond to the actual intention rather than to an unsupported technical assumption.|Create a three-row note for each reference. First describe what is visible. Then say what you like about it. Finally ask what would need confirmation for your proposed use. Use the same format for competing references so their differences are easy to compare.|“Blue area beside brown grain-like lines” is an observation. “I prefer a narrow colour accent” is a preference. “Which material and finish suit this use?” is the question.|This method does not verify properties or feasibility. It prepares an honest starting point for that discussion.|What is visible?;What do you prefer?;What must be confirmed for the intended use?
