P041|A console and small object sharing an edge rhythm|B09|Imagine a console and a separate decorative object connected by a similar edge rhythm. The concept seeks a subtle relationship rather than a matching miniature of the furniture.|Sketch the shared edge gesture at two scales and leave their main volumes different. Use the supplied corner detail only to explain the visual connection.|Which edge feature repeats?;How different should the objects remain?;What scale and construction questions need review?
P042|A table and wall piece with unequal colour|A08|Explore a coordinated room concept in which a table carries a small blue accent and a wall piece carries a broader one. The pairing should have hierarchy, not equal emphasis everywhere.|Compare both accents in one room sketch. Reduce secondary details until the intended relationship can be read from the normal entrance.|Which piece leads?;Can the accents be seen together?;What actual wall and furniture dimensions apply?
P043|A floral display with a quieter companion|B10|Consider a pair in which a floral arrangement carries the sentimental meaning and a simpler companion form supplies balance. No actual keepsake or family story is being represented.|Develop the floral silhouette first and test a companion with less internal detail. Keep any future preservation suitability separate from the composition exercise.|What should the companion contribute?;Which floral feature is central?;What real materials would require assessment?
P044|A gift pair connected by one curve|B12|Imagine two personal-art concepts sharing a curved outline but using different visual density. The study asks how a pair can feel related while allowing individual preference.|Use the bangle image as an outline reference and sketch a second form that echoes only the curve. Avoid implying either proposed item already exists.|What is shared?;What personal difference matters?;Which use and feasibility questions remain open?
P045|A coaster-like set with a shared perimeter|B11|Explore a coordinated decorative set whose perimeter creates continuity while internal colour varies. The concept does not assume heat or food-contact suitability.|Compare several drawn colour distributions within one repeated outline. Keep the source image labelled as a reference and record the acceptable variation as a discussion topic.|Which edge remains consistent?;How much colour variation is wanted?;What intended contact needs specific guidance?
P046|A bench and console with different visual weights|A09|Imagine an entry sequence containing a visually quiet bench-like form and a stronger console accent. The study aims to prevent two long objects from competing equally.|Draw both in the same approach view and assign the colour emphasis to only one. Keep seating, storage and support requirements separate from the visual study.|Which object is the focal point?;What function does each need?;What movement and access information is missing?
P047|A floral frame and small keepsake reference|B03|Consider a hypothetical pair connecting a wall composition and a smaller tabletop memory object. The study concerns repeated arrangement cues without claiming the same original flowers can supply both.|Choose one shared direction or spacing rhythm and let the formats differ. Treat all flower imagery as illustrative until actual materials and permissions are available.|What should connect the formats?;Would the stories be private?;What suitability questions precede a real proposal?
P048|A tray and low table with restrained contrast|A07|Explore a visual pairing between a tray-like accent and a low table. The concept uses one stronger boundary and one quieter surface rather than repeating every colour in both.|Compare the pair in a whole-room sketch and in a top view. Keep carrying, heat and contact suitability outside the visual inference.|Which boundary draws attention?;What use is intended for each?;What material guidance would be needed?
P049|Three decorative forms with changing openness|B05|Imagine a sequence of clear-looking forms that varies the amount of visible internal detail. The study explores progression from open to visually dense.|Keep one outline relationship consistent while changing the apparent overlap in sketches. Do not treat the cube reference as proof of optical or structural feasibility.|What establishes the sequence?;Which form should remain most open?;How would the actual materials be reviewed?
P050|A room pair united by a narrow channel|A10|Consider two different furniture concepts linked by a narrow blue path. The aim is a recognisable relationship without identical tops or repeated product imagery.|Map the channel's visual role separately on each outline. Compare both in one room view before deciding whether the connection is too strong or too subtle.|What should repeat exactly?;What should remain different?;Which actual dimensions and uses guide the next step?
P051|A threshold brief with two reference axes|A09|Imagine an architect-style study of an entry position defined by a wall line and a doorway approach. The concept asks which axis should govern a proposed horizontal form.|Show both axes on a labelled plan and compare two alignments. Keep verified site information separate from the hypothetical outline using a clear drawing legend.|Which axis has priority?;What site facts are verified?;Who would confirm final dimensions?
P052|A wall and console composition on one drawing|B09|Explore a coordinated elevation where wall art and a console are discussed together. The imagined brief needs a shared visual reference without implying a real architect partnership.|Draw the existing wall features and proposed objects with different line styles. Compare the main alignment before adding material preferences.|Which features already exist?;What is proposed?;What mounting and site checks would be required?
P053|A room plan with two alternative focal positions|A08|Consider a concept brief that keeps two possible table positions open. The study is intended to make the tradeoff visible before one location becomes the basis of a specification.|Use the same proposed footprint in both options and record the different sightline and access questions. Keep the alternatives on one clearly versioned sheet.|What improves in each option?;Which missing fact could decide between them?;Who would verify the room information?
P054|A material board with claims left open|A04|Imagine a material-direction board for an early design conversation. It should communicate appearance while avoiding unsupported claims about composition or performance.|Place each visual reference beside an observation, a preference and a question. Keep any eventual specification or test evidence in a separate source record.|What does each image actually show?;Which property matters to use?;What evidence would be needed for that property?
P055|A brief organized around one existing object|B01|Explore a proposal study where a cherished chair is the fixed reference and a new low form remains open. The concept asks how to document that priority without forcing a complete visual match.|Show the chair as an existing reference and sketch two contrasting companion outlines. Record the relationship that matters more than surface resemblance.|What must remain visible about the chair?;Which companion relationship is preferred?;What dimensions and use need review?
P056|A shared drawing with a visible change log|A03|Imagine a console brief passing between several decision-makers. The concept focuses on how one proposed change can be shown without erasing the current design intention.|Keep the current outline and proposed revision visibly distinct. Add a concise note explaining the change, its reason and the unresolved implications.|Which version is current?;What exactly changes?;Who must agree before the proposal becomes a specification?
P057|A sculptural focal point with three viewing studies|B05|Consider a design brief for an object seen from several approaches in an imagined room. The primary challenge is choosing which view carries the main idea.|Prepare front, side and approach sketches using the same outline assumptions. Record how apparent depth changes and leave actual optical performance unspecified.|Which view leads?;What should the secondary views add?;What placement and material facts are missing?
P058|A lighting note attached to a colour brief|A08|Explore a room concept in which colour discussion is explicitly tied to normal daylight and evening use. The study avoids treating one atmospheric rendering as the whole brief.|Pair the colour direction with a simple lighting observation sheet. Compare visual emphasis under two described conditions rather than promising an identical screen appearance.|When is the room used?;Which light conditions are known?;How will the actual colour direction be reviewed?
P059|An access-first console proposal sheet|A03|Imagine an early console discussion where a difficult approach is the first unresolved issue. The concept keeps access questions visible before refining decorative details.|Place a route sketch beside the proposed silhouette and mark turns, openings and unknown measurements. Treat the reference as a visual intention, not proof that the form can be delivered.|Where is the restrictive point?;Which measurements are estimates?;What assessment would precede a final specification?
P060|A concise handover for a personal-art idea|A06|Consider a brief shared between a designer and the person commissioning a gift. The study separates visual direction, exact text and questions about feasibility.|Use one page for the shape and colour references and a separate clearly linked text source. Record which person confirms each part rather than merging all comments into one assumed approval.|Who checks the wording?;Who confirms the visual preference?;What remains subject to atelier review?
P061|A floral memory block with an open upper margin|A05|Imagine a memory-art concept where flowers gather lower in the composition and a clear-looking margin remains above. The study explores visual breathing room without representing anyone's actual flowers.|Compare the margin with the floral density in two sketches. Keep original-material suitability, permanence and exact appearance explicitly unresolved.|What should remain recognisable?;How open should the upper area feel?;What actual condition assessment would be required?
P062|A garland remembered through its outline|B03|Explore a keepsake concept that prioritises the recognisable outline of a garland. The aim is to discuss visual identity before any method of preservation is proposed.|Trace the broad outline from the illustrative reference and compare generous and tighter surrounding space. Avoid promising that a real garland could retain the same shape or colour.|Which outline carries the meaning?;What arrangement may change?;What materials and condition would need review?
P063|A small floral grouping with one leading bloom|B10|Consider a concept arrangement in which one bloom is visually primary and the others support it. The study is about hierarchy, not a claim about a supplied bouquet.|Sketch the leading bloom's position before arranging the surrounding forms. Keep alternative compositions clearly labelled and leave physical suitability to a real assessment.|Which bloom would matter most?;What should remain secondary?;How would actual item priorities be recorded?
P064|A floral composition read from two sides|A05|Imagine a memory object intended to be viewed from opposite sides. The concept asks how overlapping forms might support more than one meaningful view.|Compare two drawn arrangements and identify which details disappear in each. Treat the clear-block reference as an appearance study, not proof of a two-sided result.|What should each side reveal?;Which overlap is acceptable?;What actual materials and optical questions remain open?
P065|A garland detail within a wider story|B06|Explore a concept that uses one small floral detail as the emotional focus while keeping the broader arrangement legible. No event, customer or original keepsake is being reported.|Pair a whole arrangement sketch with a close detail and explain the purpose of each. Do not count the detail as a separate project or imply a completed preservation outcome.|Which detail carries meaning?;What wider context is needed?;What public story, if any, would require permission?
P066|A floral arrangement without public names|B10|Imagine a memory-art brief that values personal meaning while keeping identifying text out of the public presentation. The design discussion and publication discussion are deliberately separate.|Develop the floral composition without names or dates in the first study. Record any later personalization and public-use choices in distinct fields.|What belongs privately in the brief?;What may appear on the object?;What would need separate publication permission?
P067|A keepsake concept with an undecided orientation|A05|Consider a floral memory study that compares upright and horizontal presentations. The choice remains open until the intended viewing position and actual materials are understood.|Use the same approximate arrangement in both sketches so the orientation is the main difference. Keep support and display suitability as explicit questions.|Where would it be viewed?;Which orientation preserves the intended emphasis?;What support and material assessment is needed?
P068|A restrained border around a vivid garland|B03|Explore a concept where a vivid floral arrangement is surrounded by a quieter border. The study aims to keep the flowers central without adding competing decoration.|Compare border proportions while keeping the floral area unchanged. Use the supplied frame image as a reference, not a claim about an available finished piece.|How much border is useful?;What should remain visually dominant?;What dimensions and original-material condition need review?
P069|A floral memory study with a private caption|B06|Imagine a keepsake concept accompanied by a short private note explaining why a detail matters. The note supports the design discussion without becoming an automatic website story.|Link the note to a labelled detail photograph or illustration. Keep any proposed public caption separate and limited to actually permitted information.|What context affects the arrangement?;What should remain private?;Who could authorize a future public use?
P070|A family review of two floral arrangements|B10|Consider a concept brief designed to compare two different family preferences without suggesting either is already agreed. The study gives each arrangement a clear reference.|Use the same item assumptions in both sketches and list the meaning each option prioritises. Keep material suitability and absent participants' consent unresolved.|What does each option preserve emotionally?;Where do preferences overlap?;What needs shared agreement before proceeding?
P071|A remembered ribbon as a visual line|A05|Imagine a sentimental-object concept inspired by the line of a ribbon rather than by a full object collection. The supplied floral image serves only as a contextual reference for clear-looking display.|Sketch how a line could guide attention through an otherwise quiet volume. Do not claim that a real ribbon is suitable for inclusion or that its appearance would remain unchanged.|What meaning does the line carry?;Would the original be irreplaceable?;What material assessment must happen first?
P072|A keepsake represented without embedding the original|B05|Explore a concept conversation about representing a sentimental form while keeping the original untouched. The study deliberately leaves the method open rather than promising replication.|Describe the feature that carries meaning and compare abstract outline sketches. The cube image is a reference for visual depth, not evidence of an available representation service.|What feature is essential?;Must the original remain untouched?;Which methods, if any, could be discussed as feasible?
P073|A small object grouped with an empty space|B13|Imagine a memory composition where absence is part of the arrangement. One small focal form would sit beside a deliberately open area rather than filling the whole display.|Compare the balance of occupied and open space in a paper study. Keep the source image's floral content separate from the hypothetical keepsake idea.|What does the empty area contribute?;What scale feels appropriate?;What actual item and display suitability need assessment?
P074|A memory object with text kept separate|B10|Consider a concept in which an object arrangement and its explanatory words occupy different places. The intention is to preserve the visual focus while allowing a private story to remain private.|Develop the object composition first and keep the note as a separate proposed element. Do not assume an inscription method or public story permission.|What belongs in the object view?;What belongs in the note?;Which text and use would require approval?
P075|A set of keepsake priorities before a design|A05|Explore a concept brief beginning with an item hierarchy rather than a finished arrangement. The imagined collection has primary and optional elements whose suitability is still unknown.|Assign each proposed item a reference and priority, then sketch only relationships. The image illustrates a possible visual language and is not a record of those items.|Which item must be considered first?;What is optional?;What condition information would be needed?
P076|A memory display intended for close viewing|B05|Imagine a small-scale sentimental composition designed to reward a nearby viewpoint. The concept focuses on a single detail rather than a dramatic room image.|Compare a simple distant silhouette with a more detailed close view. Keep the reference's apparent transparency separate from assumptions about the final material or clarity.|Who would view it closely?;What detail should be discoverable?;What actual scale and material questions remain?
P077|A keepsake composition with no implied event|B10|Consider a floral-inspired memory study whose meaning is left for the future commissioner to define. The concept avoids inventing a wedding, anniversary or family history.|Use the arrangement to discuss shape and spacing only. Keep all personal context as an optional private input if the idea becomes a real brief.|What meaning would the owner supply?;Which details affect the design?;What should never be inferred publicly?
P078|A sentimental pair with different priorities|A05|Imagine two related keepsake concepts for people who value different details of the same occasion. This is an educational scenario, not evidence that any originals or permissions exist.|Sketch two distinct emphases while keeping a shared visual relationship. Do not imply that one set of real materials can supply both without assessment.|What does each person value?;What can connect the pair?;What suitability and consent questions must be resolved?
P079|A memory object planned around its viewing side|B05|Explore a concept that begins by deciding which side will normally face the viewer. The study asks how orientation could clarify a small internal arrangement.|Mark the intended front on a simple sketch and compare the side view. Keep the source image labelled as an illustration of apparent depth rather than the proposed item.|Which side is primary?;What would remain visible from elsewhere?;What actual orientation and support can be confirmed?
P080|A keepsake discussion before any transfer|A05|Consider a concept packet designed to support an initial conversation while all sentimental originals remain with their owner. The focus is on information, not a promise of preservation.|Combine a labelled item list, condition observations and two arrangement sketches. Keep transport and suitability questions at the front of the packet.|What can be assessed from photographs?;What instructions are still needed?;What must be confirmed before an original is sent?
